tick,date,coal,uranium,biomass,gas,oil,geothermal,wind,solar,hydro,energy_demand,max_energy_price
100,2011-11-12T09:30:00,114,1476,132,304,378,27,8,0,114,27420,530
100,2011-11-12T09:30:00,114,1476,132,304,378,27,8,0,114,27420,530
101,2011-11-12T10:30:00,114,1476,132,304,378,27,8,0,113,27961,521
102,2011-11-12T11:30:00,114,1476,132,304,379,24,8,0,114,27889,522
103,2011-11-12T12:30:00,114,1476,132,304,379,24,8,0,114,27762,524
104,2011-11-12T13:30:00,114,1477,132,304,379,24,9,33,114,27474,529
105,2011-11-12T14:30:00,114,1477,132,304,379,24,10,95,113,27204,533
106,2011-11-12T15:30:00,114,1477,132,304,379,24,13,181,114,27005,537
107,2011-11-12T16:30:00,114,1477,132,304,380,24,15,247,114,26681,542
108,2011-11-12T17:30:00,114,1477,132,304,380,24,16,284,114,27059,536
109,2011-11-12T18:30:00,114,1477,132,304,380,24,16,287,114,28880,508
110,2011-11-12T19:30:00,114,1477,132,304,380,24,16,254,114,29385,501
111,2011-11-12T20:30:00,114,1477,132,304,380,24,15,192,114,28988,506
112,2011-11-12T21:30:00,114,1477,132,304,380,24,13,103,114,28754,509
113,2011-11-12T22:30:00,114,1477,132,304,381,24,10,37,114,27961,521
114,2011-11-12T23:30:00,114,1477,132,304,381,21,9,0,114,26951,537
115,2011-11-13T00:30:00,113,1476,132,304,381,21,8,0,114,25689,560
116,2011-11-13T01:30:00,113,1476,132,304,381,21,8,0,114,24553,582
117,2011-11-13T02:30:00,113,1476,132,304,381,21,8,0,113,24121,591
118,2011-11-13T03:30:00,113,1476,132,304,381,19,8,0,113,23292,610
119,2011-11-13T04:30:00,113,1476,132,304,381,21,8,0,113,23129,614
120,2011-11-13T05:30:00,113,1476,132,304,381,21,8,0,112,23237,611
121,2011-11-13T06:30:00,113,1477,132,304,381,21,8,0,112,23454,606
122,2011-11-13T07:30:00,113,1477,132,304,381,21,8,0,112,23346,609
123,2011-11-13T08:30:00,113,1478,132,304,381,21,8,0,112,23093,615
124,2011-11-13T09:30:00,113,1478,132,305,381,21,8,0,112,23850,597
125,2011-11-13T10:30:00,113,1479,132,304,381,24,8,0,112,24499,583
126,2011-11-13T11:30:00,113,1480,132,304,381,30,8,0,112,24950,574
127,2011-11-13T12:30:00,113,1481,132,304,381,38,8,0,112,25401,565
128,2011-11-13T13:30:00,113,1482,132,304,381,43,8,31,111,25851,557
129,2011-11-13T14:30:00,113,1482,132,304,381,46,9,70,112,25725,559
130,2011-11-13T15:30:00,113,1483,132,304,380,49,10,126,112,25455,564
131,2011-11-13T16:30:00,114,1484,133,304,380,52,13,146,112,25491,564
132,2011-11-13T17:30:00,114,1484,133,304,380,54,15,125,111,26500,545
133,2011-11-13T18:30:00,114,1485,133,304,380,57,16,93,111,28195,518
134,2011-11-13T19:30:00,114,1485,133,304,380,60,16,89,111,28754,509
135,2011-11-13T20:30:00,114,1486,133,304,380,60,16,105,111,28267,517
136,2011-11-13T21:30:00,114,1487,133,304,380,60,16,81,112,27780,524
137,2011-11-13T22:30:00,114,1487,133,304,379,57,15,33,112,27113,535
138,2011-11-13T23:30:00,114,1487,133,304,379,57,13,0,112,25942,555
139,2011-11-14T00:30:00,114,1488,133,304,379,60,10,0,113,24103,592
140,2011-11-14T01:30:00,114,1488,133,304,379,60,9,0,114,22751,623
141,2011-11-14T02:30:00,114,1489,133,304,379,60,8,0,115,22246,636
142,2011-11-14T03:30:00,114,1490,133,304,379,60,8,0,115,22264,635
143,2011-11-14T04:30:00,114,1490,133,304,378,60,8,0,115,22336,633
144,2011-11-14T05:30:00,114,1491,133,304,378,63,8,0,115,22859,620
145,2011-11-14T06:30:00,114,1491,133,303,378,65,8,0,115,24355,586
146,2011-11-14T07:30:00,114,1492,133,303,378,71,8,0,115,27023,536
147,2011-11-14T08:30:00,114,1492,133,303,377,71,8,0,115,28844,508
148,2011-11-14T09:30:00,114,1493,133,303,377,71,8,0,115,29890,494
149,2011-11-14T10:30:00,114,1494,133,303,377,71,8,0,116,30358,488
150,2011-11-14T11:30:00,114,1494,133,303,377,71,8,0,116,30106,491
151,2011-11-14T12:30:00,114,1494,133,302,377,74,9,0,116,29890,494
152,2011-11-14T13:30:00,114,1494,133,302,377,79,10,1,116,30268,489
153,2011-11-14T14:30:00,114,1494,133,302,377,82,13,8,116,30214,489
154,2011-11-14T15:30:00,114,1493,133,302,377,82,15,36,115,30557,485
155,2011-11-14T16:30:00,114,1493,133,302,376,82,16,64,114,29998,492
156,2011-11-14T17:30:00,114,1493,133,301,376,82,17,88,114,30719,483
157,2011-11-14T18:30:00,114,1492,133,301,376,90,19,90,114,32396,463
158,2011-11-14T19:30:00,114,1492,133,301,376,93,20,91,113,32973,457
159,2011-11-14T20:30:00,114,1491,133,301,376,96,20,78,113,32071,467
160,2011-11-14T21:30:00,114,1491,133,300,376,96,19,49,113,31566,473
161,2011-11-14T22:30:00,114,1491,133,300,376,96,17,17,114,30304,488
162,2011-11-14T23:30:00,114,1490,133,300,376,93,16,0,113,27204,533
163,2011-11-15T00:30:00,114,1490,133,300,376,90,16,0,114,25311,567
164,2011-11-15T01:30:00,114,1489,133,300,376,87,16,0,114,24463,584
165,2011-11-15T02:30:00,114,1489,133,300,376,85,16,0,115,23634,602
166,2011-11-15T03:30:00,114,1488,133,299,376,85,16,0,116,23796,598
167,2011-11-15T04:30:00,114,1488,133,299,376,85,16,0,116,23652,602
168,2011-11-15T05:30:00,114,1487,133,299,376,85,15,0,117,23977,594
169,2011-11-15T06:30:00,114,1487,133,299,376,85,13,0,118,25617,561
170,2011-11-15T07:30:00,114,1486,133,299,376,85,10,0,119,27726,525
171,2011-11-15T08:30:00,114,1486,133,298,376,85,9,0,119,29187,503
172,2011-11-15T09:30:00,114,1486,133,298,376,82,8,0,119,30214,489
173,2011-11-15T10:30:00,114,1485,132,298,376,76,8,0,119,30106,491
174,2011-11-15T11:30:00,114,1485,132,298,377,74,8,0,119,31440,474
175,2011-11-15T12:30:00,114,1485,132,298,377,71,8,0,119,31548,473
176,2011-11-15T13:30:00,114,1485,132,298,377,68,8,5,119,31620,472
177,2011-11-15T14:30:00,114,1485,132,298,377,68,8,10,119,31044,479
178,2011-11-15T15:30:00,114,1486,132,298,377,65,8,12,119,31620,472
179,2011-11-15T16:30:00,114,1486,132,298,377,63,8,22,122,31170,478
180,2011-11-15T17:30:00,114,1486,132,297,377,60,8,44,123,31819,470
181,2011-11-15T18:30:00,114,1486,132,297,377,57,8,56,122,33171,455
182,2011-11-15T19:30:00,114,1487,132,297,377,57,8,53,121,32828,459
183,2011-11-15T20:30:00,114,1487,132,297,377,54,8,33,121,32251,465
184,2011-11-15T21:30:00,114,1488,132,297,377,54,8,19,121,31242,477
185,2011-11-15T22:30:00,114,1488,132,297,377,54,8,6,121,29403,500
186,2011-11-15T23:30:00,114,1489,132,297,377,52,8,0,121,27853,523
187,2011-11-16T00:30:00,114,1490,132,297,377,52,8,0,121,25888,556
188,2011-11-16T01:30:00,114,1490,132,297,377,52,8,0,122,24644,580
189,2011-11-16T02:30:00,114,1491,132,297,377,54,8,0,123,23652,602
190,2011-11-16T03:30:00,114,1492,132,297,377,57,8,0,125,23959,595
191,2011-11-16T04:30:00,114,1493,132,297,377,60,8,0,125,23490,605
192,2011-11-16T05:30:00,114,1494,132,297,377,57,8,0,125,23850,597
193,2011-11-16T06:30:00,114,1495,132,297,377,57,8,0,125,25779,558
194,2011-11-16T07:30:00,114,1496,132,297,376,54,9,0,126,28556,512
195,2011-11-16T08:30:00,114,1497,132,297,376,52,10,0,127,29565,498
196,2011-11-16T09:30:00,114,1498,132,297,376,52,13,0,128,30250,489
197,2011-11-16T10:30:00,114,1499,132,297,376,54,17,0,128,30629,484
198,2011-11-16T11:30:00,114,1501,131,297,376,57,20,0,128,31476,474
199,2011-11-16T12:30:00,114,1502,131,297,377,63,22,0,128,31855,469
200,2011-11-16T13:30:00,114,1504,131,297,377,68,19,1,128,31747,471
200,2011-11-16T13:30:00,114,1504,131,297,377,68,19,1,128,31747,471
201,2011-11-16T14:30:00,114,1505,131,297,377,68,12,18,129,31458,474
202,2011-11-16T15:30:00,114,1506,131,297,377,68,7,40,129,31656,472
203,2011-11-16T16:30:00,114,1507,131,297,377,68,6,55,130,31566,473
204,2011-11-16T17:30:00,114,1508,131,297,377,65,7,54,130,31945,468
205,2011-11-16T18:30:00,114,1509,131,297,377,60,8,54,130,33063,456
206,2011-11-16T19:30:00,114,1510,131,297,377,57,8,49,130,32810,459
207,2011-11-16T20:30:00,114,1511,131,297,377,54,8,42,129,32251,465
208,2011-11-16T21:30:00,114,1512,131,297,377,52,8,19,129,30845,481
209,2011-11-16T22:30:00,114,1512,131,297,377,46,8,8,128,30196,490
210,2011-11-16T23:30:00,114,1512,131,297,377,43,8,0,128,28303,516
211,2011-11-17T00:30:00,114,1513,131,296,378,35,8,0,128,26753,541
212,2011-11-17T01:30:00,114,1513,130,296,378,30,8,0,129,25473,564
213,2011-11-17T02:30:00,114,1513,130,296,378,27,8,0,130,25076,572
214,2011-11-17T03:30:00,114,1513,130,296,378,27,8,0,131,24860,576
215,2011-11-17T04:30:00,114,1514,130,296,378,27,8,0,132,24932,574
216,2011-11-17T05:30:00,114,1514,130,296,379,27,8,0,133,25166,570
217,2011-11-17T06:30:00,114,1514,130,295,379,27,8,0,133,26987,537
218,2011-11-17T07:30:00,114,1515,130,295,379,24,8,0,133,29998,492
219,2011-11-17T08:30:00,114,1515,130,295,379,21,8,0,134,31188,477
220,2011-11-17T09:30:00,114,1516,130,295,380,21,8,0,135,31620,472
221,2011-11-17T10:30:00,114,1516,130,295,380,19,8,0,135,31909,469
222,2011-11-17T11:30:00,114,1516,130,295,380,19,8,0,135,32702,460
223,2011-11-17T12:30:00,114,1517,130,295,381,19,8,0,136,32720,460
224,2011-11-17T13:30:00,114,1517,130,295,381,16,8,12,136,32973,457
225,2011-11-17T14:30:00,114,1517,129,295,381,16,9,40,136,32378,464
226,2011-11-17T15:30:00,114,1517,129,294,381,16,10,82,136,31801,470
227,2011-11-17T16:30:00,114,1517,129,294,382,16,13,135,136,32089,467
228,2011-11-17T17:30:00,115,1517,129,294,382,16,15,165,135,32864,458
229,2011-11-17T18:30:00,115,1517,129,294,382,13,16,156,135,35172,435
230,2011-11-17T19:30:00,115,1516,129,294,382,13,16,128,135,35298,434
231,2011-11-17T20:30:00,115,1516,129,294,383,13,16,72,135,34974,437
232,2011-11-17T21:30:00,115,1516,129,294,383,13,16,39,134,34649,440
233,2011-11-17T22:30:00,115,1516,129,294,383,10,16,1,133,33513,451
234,2011-11-17T23:30:00,115,1516,129,294,383,10,16,0,133,31620,472
235,2011-11-18T00:30:00,115,1515,129,294,383,10,16,0,132,29727,496
236,2011-11-18T01:30:00,115,1515,129,294,383,10,16,0,132,28015,520
237,2011-11-18T02:30:00,115,1515,129,294,383,10,15,0,132,27402,530
238,2011-11-18T03:30:00,115,1515,129,294,383,10,13,0,133,27528,528
239,2011-11-18T04:30:00,115,1515,129,294,383,10,10,0,132,27041,536
240,2011-11-18T05:30:00,115,1516,129,295,384,10,9,0,133,27889,522
241,2011-11-18T06:30:00,114,1516,129,295,384,10,8,0,133,29439,500
242,2011-11-18T07:30:00,114,1516,129,295,384,10,8,0,133,31945,468
243,2011-11-18T08:30:00,114,1517,129,295,384,10,8,0,133,32846,458
244,2011-11-18T09:30:00,114,1517,129,295,384,13,8,0,133,33405,453
245,2011-11-18T10:30:00,114,1517,129,295,384,13,8,0,133,33333,453
246,2011-11-18T11:30:00,114,1518,129,295,384,13,8,0,133,33261,454
247,2011-11-18T12:30:00,114,1518,129,296,384,13,8,0,133,33027,457
248,2011-11-18T13:30:00,114,1518,129,296,384,13,8,30,133,32594,461
249,2011-11-18T14:30:00,114,1517,129,296,384,13,8,89,133,32287,465
250,2011-11-18T15:30:00,114,1517,129,296,384,13,9,172,133,32522,462
251,2011-11-18T16:30:00,114,1517,129,296,384,13,10,237,132,32053,467
252,2011-11-18T17:30:00,114,1516,129,296,384,13,13,276,131,32522,462
253,2011-11-18T18:30:00,114,1516,129,296,384,13,15,279,131,34090,446
254,2011-11-18T19:30:00,114,1515,129,296,384,13,16,246,131,33243,454
255,2011-11-18T20:30:00,114,1514,129,296,384,16,15,183,130,32305,464
256,2011-11-18T21:30:00,114,1514,129,296,384,19,13,98,130,31765,470
257,2011-11-18T22:30:00,114,1513,129,296,384,19,10,34,129,30719,483
258,2011-11-18T23:30:00,114,1512,129,296,384,19,9,0,129,29205,503
259,2011-11-19T00:30:00,114,1511,129,296,384,19,8,0,129,27654,526
260,2011-11-19T01:30:00,114,1511,129,296,384,21,8,0,128,26086,553
261,2011-11-19T02:30:00,114,1511,129,296,384,21,8,0,129,25004,573
262,2011-11-19T03:30:00,114,1510,129,296,384,21,8,0,129,24788,577
263,2011-11-19T04:30:00,114,1510,129,296,384,21,8,0,129,25040,572
264,2011-11-19T05:30:00,114,1510,129,296,384,21,8,0,129,25040,572
265,2011-11-19T06:30:00,114,1509,129,296,384,21,8,0,129,25815,557
266,2011-11-19T07:30:00,114,1509,129,296,384,21,8,0,129,26482,545
267,2011-11-19T08:30:00,114,1509,129,296,385,21,8,0,129,26717,541
268,2011-11-19T09:30:00,114,1509,129,296,385,21,8,0,129,27384,530
269,2011-11-19T10:30:00,114,1509,129,296,385,19,8,0,129,27600,527
270,2011-11-19T11:30:00,114,1508,129,296,385,16,8,0,129,27744,525
271,2011-11-19T12:30:00,114,1508,129,296,386,16,8,0,129,27564,527
272,2011-11-19T13:30:00,114,1508,129,296,386,16,8,19,129,27348,531
273,2011-11-19T14:30:00,114,1507,129,296,386,16,8,76,129,26897,538
274,2011-11-19T15:30:00,114,1507,129,296,386,19,9,157,130,26410,547
275,2011-11-19T16:30:00,114,1507,129,296,387,19,10,232,130,26446,546
276,2011-11-19T17:30:00,113,1507,129,296,387,21,13,269,130,27294,532
277,2011-11-19T18:30:00,113,1507,129,296,387,24,15,261,130,28898,507
278,2011-11-19T19:30:00,113,1507,129,296,387,30,16,221,129,28970,506
279,2011-11-19T20:30:00,113,1507,129,296,387,35,15,148,128,28664,511
280,2011-11-19T21:30:00,113,1507,129,297,387,41,13,76,127,27907,522
281,2011-11-19T22:30:00,113,1507,129,297,388,41,10,21,126,27312,532
282,2011-11-19T23:30:00,113,1506,129,297,388,41,9,0,126,26140,552
283,2011-11-20T00:30:00,113,1506,129,297,388,41,8,0,126,25166,570
284,2011-11-20T01:30:00,113,1507,130,297,388,41,8,0,125,23634,602
285,2011-11-20T02:30:00,113,1507,130,297,388,43,8,0,125,22931,618
286,2011-11-20T03:30:00,113,1507,130,297,388,46,8,0,125,22084,640
287,2011-11-20T04:30:00,113,1507,130,297,388,49,8,0,125,21849,646
288,2011-11-20T05:30:00,113,1508,130,298,388,52,8,0,125,21759,649
289,2011-11-20T06:30:00,113,1508,130,298,388,54,8,0,125,21939,644
290,2011-11-20T07:30:00,113,1508,130,298,388,54,8,0,125,22480,630
291,2011-11-20T08:30:00,113,1508,130,298,388,60,8,0,126,22877,620
292,2011-11-20T09:30:00,113,1509,130,298,388,60,8,0,126,24103,592
293,2011-11-20T10:30:00,113,1509,130,298,388,57,8,0,126,24806,577
294,2011-11-20T11:30:00,113,1509,130,298,388,54,8,0,127,25563,562
295,2011-11-20T12:30:00,113,1509,130,299,388,54,8,0,128,26122,552
296,2011-11-20T13:30:00,113,1509,130,299,388,54,8,6,129,26122,552
297,2011-11-20T14:30:00,113,1509,130,299,388,54,8,10,130,26158,551
298,2011-11-20T15:30:00,113,1509,130,299,388,54,8,33,130,26284,549
299,2011-11-20T16:30:00,113,1509,130,299,388,54,8,44,129,26699,542
300,2011-11-20T17:30:00,113,1509,130,299,388,60,8,71,129,27925,522
300,2011-11-20T17:30:00,113,1509,130,299,388,60,8,71,129,27925,522
301,2011-11-20T18:30:00,113,1508,130,299,388,63,8,69,128,29078,505
302,2011-11-20T19:30:00,113,1508,130,299,388,65,8,65,126,28898,507
303,2011-11-20T20:30:00,113,1508,130,300,388,71,8,39,126,28538,513
304,2011-11-20T21:30:00,113,1507,130,300,388,74,8,17,126,28429,514
305,2011-11-20T22:30:00,113,1507,130,300,388,71,8,5,126,27708,525
306,2011-11-20T23:30:00,113,1506,130,300,387,68,8,0,125,26140,552
307,2011-11-21T00:30:00,113,1505,130,300,387,68,8,0,124,24914,575
308,2011-11-21T01:30:00,113,1505,130,300,387,68,8,0,124,23742,600
309,2011-11-21T02:30:00,113,1504,130,300,387,65,8,0,124,22967,618
310,2011-11-21T03:30:00,113,1504,130,299,387,63,8,0,124,22625,626
311,2011-11-21T04:30:00,113,1503,130,299,387,63,8,0,124,22606,626
312,2011-11-21T05:30:00,113,1502,130,299,387,63,8,0,124,23274,610
313,2011-11-21T06:30:00,113,1501,130,299,387,63,8,0,124,24968,574
314,2011-11-21T07:30:00,113,1501,130,299,387,63,8,0,124,27690,525
315,2011-11-21T08:30:00,113,1500,130,299,387,60,8,0,125,29637,497
316,2011-11-21T09:30:00,113,1500,130,299,386,60,8,0,125,30196,490
317,2011-11-21T10:30:00,113,1499,130,299,386,57,8,0,125,30917,481
318,2011-11-21T11:30:00,113,1498,130,299,386,60,8,0,125,31080,479
319,2011-11-21T12:30:00,112,1497,130,299,386,57,8,0,125,31711,471
320,2011-11-21T13:30:00,112,1496,130,299,386,57,8,10,126,31332,476
321,2011-11-21T14:30:00,112,1495,130,299,386,54,8,18,126,31314,476
322,2011-11-21T15:30:00,112,1494,130,299,385,54,8,61,126,31584,473
323,2011-11-21T16:30:00,112,1492,130,299,385,54,8,71,126,30953,480
324,2011-11-21T17:30:00,112,1491,130,299,385,54,7,102,126,31909,469
325,2011-11-21T18:30:00,112,1490,130,299,384,52,5,73,126,33495,452
326,2011-11-21T19:30:00,112,1489,130,299,384,49,3,74,126,33369,453
327,2011-11-21T20:30:00,112,1488,130,299,384,49,3,45,126,32378,464
328,2011-11-21T21:30:00,112,1487,130,299,383,49,5,30,125,31963,468
329,2011-11-21T22:30:00,112,1486,130,299,383,46,7,8,125,30719,483
330,2011-11-21T23:30:00,112,1485,130,299,383,49,8,0,125,29115,504
331,2011-11-22T00:30:00,112,1484,130,299,382,46,8,0,125,26915,538
332,2011-11-22T01:30:00,112,1483,130,299,382,46,8,0,124,25671,560
333,2011-11-22T02:30:00,112,1483,130,299,382,46,8,0,125,24734,578
334,2011-11-22T03:30:00,112,1482,130,299,381,46,8,0,125,24698,579
335,2011-11-22T04:30:00,112,1481,130,299,381,46,8,0,125,24391,585
336,2011-11-22T05:30:00,112,1481,130,299,381,52,8,0,125,24752,578
337,2011-11-22T06:30:00,112,1480,130,299,380,52,8,0,126,26194,551
338,2011-11-22T07:30:00,112,1480,130,299,380,52,8,0,127,29006,506
339,2011-11-22T08:30:00,112,1479,130,299,380,52,8,0,127,30611,484
340,2011-11-22T09:30:00,112,1478,130,299,380,49,8,0,128,30953,480
341,2011-11-22T10:30:00,112,1478,130,299,379,52,8,0,129,31602,472
342,2011-11-22T11:30:00,112,1477,130,300,379,52,8,0,130,31656,472
343,2011-11-22T12:30:00,112,1477,130,300,378,57,8,0,130,32107,467
344,2011-11-22T13:30:00,112,1476,130,300,378,63,8,7,130,32107,467
345,2011-11-22T14:30:00,112,1476,130,300,377,65,9,17,129,32324,464
346,2011-11-22T15:30:00,112,1476,130,300,377,71,10,41,129,32414,463
347,2011-11-22T16:30:00,112,1475,130,300,377,76,13,48,129,31891,469
348,2011-11-22T17:30:00,112,1475,130,300,376,79,15,54,129,32648,461
349,2011-11-22T18:30:00,112,1474,130,300,376,82,16,44,130,33676,450
350,2011-11-22T19:30:00,112,1474,130,300,376,82,15,39,130,33297,454
351,2011-11-22T20:30:00,112,1473,130,300,375,85,13,26,130,32305,464
352,2011-11-22T21:30:00,112,1472,130,300,375,87,10,12,131,31494,474
353,2011-11-22T22:30:00,112,1472,130,300,374,90,9,3,133,30232,489
354,2011-11-22T23:30:00,112,1471,130,300,374,87,8,0,132,28285,516
355,2011-11-23T00:30:00,112,1471,130,300,374,87,8,0,132,26428,546
356,2011-11-23T01:30:00,112,1471,130,300,373,87,8,0,134,25617,561
357,2011-11-23T02:30:00,112,1470,130,300,373,87,8,0,136,24680,580
358,2011-11-23T03:30:00,112,1470,130,300,373,85,8,0,138,23742,600
359,2011-11-23T04:30:00,112,1469,130,300,373,82,8,0,139,23922,596
360,2011-11-23T05:30:00,112,1469,130,300,373,76,8,0,139,24283,588
361,2011-11-23T06:30:00,112,1469,130,300,373,71,8,0,140,25347,566
362,2011-11-23T07:30:00,112,1469,130,300,373,57,8,0,142,28069,520
363,2011-11-23T08:30:00,112,1469,130,300,373,49,9,0,143,29169,504
364,2011-11-23T09:30:00,112,1469,130,300,374,46,10,0,144,30286,489
365,2011-11-23T10:30:00,112,1469,130,300,374,46,13,0,146,31945,468
366,2011-11-23T11:30:00,112,1469,130,300,374,46,15,0,147,32702,460
367,2011-11-23T12:30:00,112,1469,130,300,374,46,16,0,148,32378,464
368,2011-11-23T13:30:00,112,1469,130,300,374,46,17,2,149,32450,463
369,2011-11-23T14:30:00,112,1468,130,300,374,43,19,6,150,32125,466
370,2011-11-23T15:30:00,112,1468,130,300,374,41,21,9,152,30575,485
371,2011-11-23T16:30:00,112,1468,130,300,374,32,23,22,153,29637,497
372,2011-11-23T17:30:00,112,1468,130,300,375,24,24,44,153,30304,488
373,2011-11-23T18:30:00,112,1468,130,300,375,21,24,64,154,31783,470
374,2011-11-23T19:30:00,112,1468,130,299,375,21,23,81,155,31945,468
375,2011-11-23T20:30:00,112,1468,130,299,375,21,21,87,155,31242,477
376,2011-11-23T21:30:00,112,1469,130,299,375,21,18,64,156,30557,485
377,2011-11-23T22:30:00,112,1469,130,299,376,19,14,31,157,29529,499
378,2011-11-23T23:30:00,112,1469,130,299,376,19,10,0,157,28015,520
379,2011-11-24T00:30:00,112,1470,130,299,376,19,9,0,157,26482,545
380,2011-11-24T01:30:00,112,1470,129,299,376,16,8,0,158,25202,569
381,2011-11-24T02:30:00,112,1471,129,299,376,16,8,0,158,24283,588
382,2011-11-24T03:30:00,112,1472,129,300,376,16,8,0,158,23850,597
383,2011-11-24T04:30:00,112,1473,129,300,376,16,8,0,158,23670,601
384,2011-11-24T05:30:00,113,1474,129,300,376,16,8,0,158,23760,599
385,2011-11-24T06:30:00,113,1476,129,300,376,16,8,0,158,24067,592
386,2011-11-24T07:30:00,113,1477,129,300,376,16,8,0,158,24734,578
387,2011-11-24T08:30:00,113,1479,129,300,376,16,8,0,157,25275,568
388,2011-11-24T09:30:00,113,1480,129,300,376,16,8,0,157,26212,550
389,2011-11-24T10:30:00,113,1481,129,300,376,19,8,0,157,27258,532
390,2011-11-24T11:30:00,113,1482,129,300,376,19,8,0,157,27726,525
391,2011-11-24T12:30:00,113,1484,129,300,376,19,8,0,157,27600,527
392,2011-11-24T13:30:00,113,1485,129,300,376,16,8,5,156,26987,537
393,2011-11-24T14:30:00,113,1485,129,300,375,16,9,17,155,26194,551
394,2011-11-24T15:30:00,113,1486,129,299,375,16,10,49,154,25491,564
395,2011-11-24T16:30:00,113,1487,128,299,375,16,13,88,153,24878,575
396,2011-11-24T17:30:00,113,1488,128,299,375,16,15,140,153,24968,574
397,2011-11-24T18:30:00,113,1488,128,299,374,16,16,189,152,26194,551
398,2011-11-24T19:30:00,113,1489,128,299,374,19,16,204,151,26555,544
399,2011-11-24T20:30:00,113,1489,128,299,374,19,15,172,150,26500,545
400,2011-11-24T21:30:00,113,1490,128,299,374,19,13,91,149,26519,545
400,2011-11-24T21:30:00,113,1490,128,299,374,19,13,91,149,26519,545
401,2011-11-24T22:30:00,113,1490,128,299,373,19,10,32,149,26519,545
402,2011-11-24T23:30:00,113,1491,128,299,373,19,9,0,148,25978,554
403,2011-11-25T00:30:00,113,1492,128,298,373,19,8,0,148,25004,573
404,2011-11-25T01:30:00,113,1492,128,298,373,19,8,0,147,23778,599
405,2011-11-25T02:30:00,113,1493,128,298,372,19,8,0,146,23490,605
406,2011-11-25T03:30:00,113,1493,128,298,372,19,8,0,145,23237,611
407,2011-11-25T04:30:00,113,1494,128,298,372,19,8,0,145,23274,610
408,2011-11-25T05:30:00,113,1494,128,297,372,19,8,0,145,23742,600
409,2011-11-25T06:30:00,113,1494,128,297,372,19,8,0,144,24680,580
410,2011-11-25T07:30:00,113,1494,128,297,372,19,8,0,144,25906,556
411,2011-11-25T08:30:00,113,1495,128,297,372,16,8,0,144,26374,547
412,2011-11-25T09:30:00,113,1495,128,297,372,16,8,0,144,27095,535
413,2011-11-25T10:30:00,113,1494,128,296,372,16,8,0,143,27258,532
414,2011-11-25T11:30:00,113,1494,128,296,372,13,8,0,143,27636,526
415,2011-11-25T12:30:00,113,1494,128,296,372,13,8,0,143,27582,527
416,2011-11-25T13:30:00,113,1494,128,296,372,13,9,26,143,27420,530
417,2011-11-25T14:30:00,113,1494,128,296,372,13,10,79,143,27204,533
418,2011-11-25T15:30:00,113,1494,127,295,372,13,13,156,142,26969,537
419,2011-11-25T16:30:00,113,1493,127,295,372,13,15,220,142,26861,539
420,2011-11-25T17:30:00,113,1493,127,295,372,16,16,258,142,27654,526
421,2011-11-25T18:30:00,113,1493,127,295,373,16,16,241,142,29655,497
422,2011-11-25T19:30:00,113,1493,127,295,373,19,16,209,141,29818,495
423,2011-11-25T20:30:00,113,1493,127,295,373,19,15,150,141,29024,506
424,2011-11-25T21:30:00,113,1493,127,294,373,19,13,90,141,28610,512
425,2011-11-25T22:30:00,113,1493,127,294,373,19,10,31,140,27943,522
426,2011-11-25T23:30:00,113,1493,127,294,373,19,9,0,140,26897,538
427,2011-11-26T00:30:00,113,1493,127,294,373,19,8,0,140,25455,564
428,2011-11-26T01:30:00,113,1493,127,294,373,16,8,0,141,24103,592
429,2011-11-26T02:30:00,113,1494,127,294,374,16,8,0,140,23183,612
430,2011-11-26T03:30:00,113,1494,127,294,374,16,8,0,141,22697,624
431,2011-11-26T04:30:00,113,1494,127,294,374,19,8,0,142,22625,626
432,2011-11-26T05:30:00,113,1495,127,294,374,19,8,0,142,22679,625
433,2011-11-26T06:30:00,113,1495,127,294,374,19,8,0,141,23454,606
434,2011-11-26T07:30:00,113,1495,127,294,374,19,8,0,140,24337,587
435,2011-11-26T08:30:00,113,1495,127,294,375,19,8,0,140,25112,571
436,2011-11-26T09:30:00,113,1495,127,294,375,21,8,0,139,26104,552
437,2011-11-26T10:30:00,113,1496,127,294,375,21,8,0,140,26537,545
438,2011-11-26T11:30:00,113,1496,128,294,375,24,8,0,139,26987,537
439,2011-11-26T12:30:00,113,1496,128,294,375,24,8,0,139,27222,533
440,2011-11-26T13:30:00,113,1496,128,294,375,27,8,19,139,27168,534
441,2011-11-26T14:30:00,113,1497,128,294,375,27,8,57,139,26915,538
442,2011-11-26T15:30:00,113,1497,128,294,375,30,8,102,139,26537,545
443,2011-11-26T16:30:00,113,1498,128,294,375,32,8,130,139,26050,553
444,2011-11-26T17:30:00,113,1499,128,294,376,35,8,111,139,26374,547
445,2011-11-26T18:30:00,113,1499,128,294,376,35,8,117,138,28375,515
446,2011-11-26T19:30:00,113,1500,128,294,376,32,8,105,138,28484,513
447,2011-11-26T20:30:00,113,1500,128,293,376,32,8,108,138,28231,517
448,2011-11-26T21:30:00,113,1500,128,293,377,30,8,56,138,27871,523
449,2011-11-26T22:30:00,113,1501,128,294,377,27,8,21,137,27150,534
450,2011-11-26T23:30:00,113,1501,128,294,377,27,8,0,137,26212,550
451,2011-11-27T00:30:00,113,1501,128,293,378,27,8,0,137,24752,578
452,2011-11-27T01:30:00,113,1502,128,293,378,30,8,0,137,23255,611
453,2011-11-27T02:30:00,113,1502,128,293,378,32,8,0,137,22354,633
454,2011-11-27T03:30:00,113,1502,128,293,379,32,8,0,136,21921,644
455,2011-11-27T04:30:00,114,1502,128,293,379,32,8,0,136,21687,651
456,2011-11-27T05:30:00,114,1502,128,293,380,32,8,0,136,21669,651
457,2011-11-27T06:30:00,114,1502,128,293,380,32,8,0,136,21975,643
458,2011-11-27T07:30:00,114,1502,128,293,380,35,8,0,137,22498,629
459,2011-11-27T08:30:00,114,1502,128,293,381,38,8,0,137,22823,621
460,2011-11-27T09:30:00,114,1501,128,293,381,41,8,0,137,23508,605
461,2011-11-27T10:30:00,114,1501,129,293,381,43,8,0,137,24535,582
462,2011-11-27T11:30:00,114,1501,129,293,381,46,8,0,136,25130,570
463,2011-11-27T12:30:00,114,1500,129,293,381,49,8,0,137,25473,564
464,2011-11-27T13:30:00,114,1500,129,292,382,57,8,2,137,25797,558
465,2011-11-27T14:30:00,114,1500,129,292,382,68,9,12,137,26320,548
466,2011-11-27T15:30:00,114,1500,129,292,382,79,10,29,137,26537,545
467,2011-11-27T16:30:00,114,1500,129,292,382,85,13,42,137,26933,538
468,2011-11-27T17:30:00,114,1500,129,292,382,87,15,72,136,27961,521
469,2011-11-27T18:30:00,114,1500,129,292,382,85,16,77,137,29331,501
470,2011-11-27T19:30:00,114,1499,129,292,383,85,16,70,137,29439,500
471,2011-11-27T20:30:00,114,1499,129,292,383,82,16,35,136,29024,506
472,2011-11-27T21:30:00,114,1499,129,292,383,79,15,14,136,28970,506
473,2011-11-27T22:30:00,114,1498,129,292,383,79,13,6,135,28141,518
474,2011-11-27T23:30:00,114,1498,129,292,383,79,10,0,135,26825,540
475,2011-11-28T00:30:00,114,1498,129,292,383,76,9,0,135,25257,568
476,2011-11-28T01:30:00,114,1497,129,291,384,76,8,0,135,23670,601
477,2011-11-28T02:30:00,114,1497,129,292,384,79,8,0,135,22985,617
478,2011-11-28T03:30:00,114,1497,129,292,384,82,8,0,135,22480,630
479,2011-11-28T04:30:00,114,1496,129,292,384,82,8,0,135,22372,632
480,2011-11-28T05:30:00,114,1496,129,292,384,82,9,0,135,23057,615
481,2011-11-28T06:30:00,114,1496,128,292,384,82,10,0,135,24355,586
482,2011-11-28T07:30:00,114,1497,128,292,384,82,13,0,135,25779,558
483,2011-11-28T08:30:00,114,1496,128,292,384,82,16,0,135,27528,528
484,2011-11-28T09:30:00,114,1496,128,292,383,82,20,0,135,28898,507
485,2011-11-28T10:30:00,114,1496,128,292,383,82,24,0,135,29024,506
486,2011-11-28T11:30:00,114,1496,128,292,383,82,29,0,136,29565,498
487,2011-11-28T12:30:00,114,1495,128,292,383,82,30,0,137,30286,489
488,2011-11-28T13:30:00,114,1495,128,292,383,82,29,6,137,30178,490
489,2011-11-28T14:30:00,114,1495,128,293,382,82,23,33,137,30376,487
490,2011-11-28T15:30:00,114,1495,128,293,382,82,17,66,137,30755,483
491,2011-11-28T16:30:00,114,1495,128,293,382,82,11,92,136,30593,485
492,2011-11-28T17:30:00,114,1496,128,293,381,79,9,87,137,31296,476
493,2011-11-28T18:30:00,114,1496,128,293,381,76,8,76,135,33261,454
494,2011-11-28T19:30:00,114,1496,128,293,381,76,8,61,134,32828,459
495,2011-11-28T20:30:00,114,1496,128,293,381,79,8,46,134,32594,461
496,2011-11-28T21:30:00,114,1496,128,293,381,76,8,24,132,31674,472
497,2011-11-28T22:30:00,114,1497,128,293,381,74,8,6,132,30250,489
498,2011-11-28T23:30:00,114,1497,128,294,381,74,8,0,132,28267,517
499,2011-11-29T00:30:00,114,1497,128,294,381,68,8,0,132,26158,551
500,2011-11-29T01:30:00,114,1496,128,294,381,65,8,0,132,24824,577
500,2011-11-29T01:30:00,114,1496,128,294,381,65,8,0,132,24824,577
501,2011-11-29T02:30:00,114,1496,128,294,381,65,8,0,132,23165,613
502,2011-11-29T03:30:00,114,1496,128,294,381,68,8,0,133,22949,618
503,2011-11-29T04:30:00,114,1496,128,294,381,71,8,0,134,22913,619
504,2011-11-29T05:30:00,114,1496,128,294,380,71,8,0,135,23346,609
505,2011-11-29T06:30:00,114,1496,128,295,380,74,8,0,135,25365,566
506,2011-11-29T07:30:00,114,1495,128,295,380,76,8,0,135,27925,522
507,2011-11-29T08:30:00,114,1495,127,295,380,82,9,0,137,29601,498
508,2011-11-29T09:30:00,115,1495,127,295,380,85,10,0,137,30178,490
509,2011-11-29T10:30:00,115,1495,127,295,380,90,13,0,136,30395,487
510,2011-11-29T11:30:00,115,1495,127,295,380,93,15,0,137,30953,480
511,2011-11-29T12:30:00,115,1494,127,295,380,93,16,0,138,31350,475
512,2011-11-29T13:30:00,115,1494,127,295,380,90,16,0,138,31512,473
513,2011-11-29T14:30:00,115,1493,127,295,380,87,16,3,138,30899,481
514,2011-11-29T15:30:00,115,1492,127,295,380,82,17,7,138,31656,472
515,2011-11-29T16:30:00,115,1491,127,295,380,68,19,21,138,30917,481
516,2011-11-29T17:30:00,115,1491,128,295,381,49,21,44,138,31981,468
517,2011-11-29T18:30:00,115,1490,128,295,381,35,23,45,137,34000,447
518,2011-11-29T19:30:00,115,1490,128,295,381,30,24,67,137,33964,447
519,2011-11-29T20:30:00,115,1489,128,296,381,27,23,54,137,32846,458
520,2011-11-29T21:30:00,115,1489,128,296,381,27,21,49,137,32684,460
521,2011-11-29T22:30:00,115,1489,128,296,381,27,18,14,137,31170,478
522,2011-11-29T23:30:00,115,1488,128,296,381,30,14,0,137,29511,499
523,2011-11-30T00:30:00,115,1488,128,296,382,30,10,0,138,27420,530
524,2011-11-30T01:30:00,115,1488,128,296,382,30,9,0,138,25888,556
525,2011-11-30T02:30:00,115,1488,128,296,382,30,9,0,139,24842,576
526,2011-11-30T03:30:00,115,1487,128,296,382,30,10,0,139,24265,588
527,2011-11-30T04:30:00,115,1487,128,297,382,30,13,0,139,24590,581
528,2011-11-30T05:30:00,115,1487,128,297,381,27,15,0,139,25311,567
529,2011-11-30T06:30:00,115,1487,128,297,381,27,16,0,140,26717,541
530,2011-11-30T07:30:00,115,1486,128,297,381,27,16,0,140,29493,499
531,2011-11-30T08:30:00,115,1486,128,297,381,27,16,0,140,31548,473
532,2011-11-30T09:30:00,115,1486,128,297,381,24,17,0,140,31819,470
533,2011-11-30T10:30:00,116,1486,128,297,381,27,19,0,140,32576,461
534,2011-11-30T11:30:00,116,1486,128,297,380,27,21,0,140,32954,457
535,2011-11-30T12:30:00,116,1486,128,298,380,27,23,0,140,33243,454
536,2011-11-30T13:30:00,116,1486,128,298,380,27,24,0,140,33189,455
537,2011-11-30T14:30:00,116,1486,128,298,380,27,25,1,140,32973,457
538,2011-11-30T15:30:00,116,1486,128,298,380,27,27,10,140,33225,454
539,2011-11-30T16:30:00,116,1486,128,298,379,27,30,27,139,32432,463
540,2011-11-30T17:30:00,116,1487,129,298,379,27,31,42,139,33099,456
541,2011-11-30T18:30:00,116,1487,129,299,379,21,32,44,139,35406,433
542,2011-11-30T19:30:00,116,1487,129,299,379,19,31,36,139,35100,436
543,2011-11-30T20:30:00,116,1487,129,299,379,19,30,22,138,34883,438
544,2011-11-30T21:30:00,116,1488,129,299,378,16,26,11,137,33946,447
545,2011-11-30T22:30:00,116,1488,129,299,378,13,22,2,138,33045,456
546,2011-11-30T23:30:00,116,1489,129,299,378,13,19,0,138,30881,481
547,2011-12-01T00:30:00,116,1489,129,299,377,13,16,0,138,28484,513
548,2011-12-01T01:30:00,116,1489,129,299,377,13,13,0,138,27204,533
549,2011-12-01T02:30:00,116,1489,129,299,377,13,10,0,138,26627,543
550,2011-12-01T03:30:00,116,1490,129,299,377,13,9,0,138,25924,555
551,2011-12-01T04:30:00,116,1490,129,300,376,16,8,0,138,26032,553
552,2011-12-01T05:30:00,116,1490,129,300,376,16,8,0,138,26555,544
553,2011-12-01T06:30:00,116,1490,129,300,376,16,8,0,138,28123,519
554,2011-12-01T07:30:00,116,1491,129,300,376,19,8,0,138,30935,480
555,2011-12-01T08:30:00,116,1491,129,300,375,19,8,0,138,32378,464
556,2011-12-01T09:30:00,117,1491,129,300,375,19,9,0,138,32215,465
557,2011-12-01T10:30:00,117,1491,129,300,375,19,10,0,138,33063,456
558,2011-12-01T11:30:00,117,1491,129,300,375,19,12,0,138,32991,457
559,2011-12-01T12:30:00,117,1491,129,300,375,19,12,0,138,32666,460
560,2011-12-01T13:30:00,117,1491,129,300,375,19,10,0,138,32612,461
561,2011-12-01T14:30:00,117,1491,129,300,375,19,9,48,137,32179,466
562,2011-12-01T15:30:00,117,1491,129,300,375,19,8,120,137,31891,469
563,2011-12-01T16:30:00,117,1491,129,300,375,19,8,160,137,31584,473
564,2011-12-01T17:30:00,117,1491,129,300,375,19,8,163,137,32053,467
565,2011-12-01T18:30:00,117,1491,129,301,375,19,8,168,137,34415,442
566,2011-12-01T19:30:00,117,1491,129,301,375,16,8,185,137,35046,437
567,2011-12-01T20:30:00,117,1491,129,301,375,16,10,163,135,34847,438
568,2011-12-01T21:30:00,117,1492,129,301,375,13,20,86,132,34577,441
569,2011-12-01T22:30:00,117,1491,129,301,375,10,38,30,132,33549,451
570,2011-12-01T23:30:00,117,1491,129,301,374,10,60,0,132,31693,471
571,2011-12-02T00:30:00,117,1491,129,301,374,10,78,0,132,29818,495
572,2011-12-02T01:30:00,117,1491,129,301,374,10,87,0,132,28141,518
573,2011-12-02T02:30:00,117,1490,129,302,374,10,89,0,132,27113,535
574,2011-12-02T03:30:00,117,1490,129,302,374,13,84,0,133,27113,535
575,2011-12-02T04:30:00,117,1490,129,302,374,13,72,0,133,26825,540
576,2011-12-02T05:30:00,117,1490,129,302,374,16,53,0,134,26789,540
577,2011-12-02T06:30:00,117,1490,129,302,374,19,32,0,134,28574,512
578,2011-12-02T07:30:00,117,1490,129,303,374,21,17,0,134,31044,479
579,2011-12-02T08:30:00,117,1491,129,303,374,21,10,0,134,32666,460
580,2011-12-02T09:30:00,117,1491,130,303,374,24,8,0,134,32774,459
581,2011-12-02T10:30:00,117,1491,130,303,374,24,8,0,134,32900,458
582,2011-12-02T11:30:00,117,1491,130,304,374,24,8,0,135,33423,452
583,2011-12-02T12:30:00,117,1491,130,304,374,24,9,0,135,33495,452
584,2011-12-02T13:30:00,117,1492,130,304,374,24,10,0,135,33063,456
585,2011-12-02T14:30:00,117,1492,130,304,374,24,13,45,135,32648,461
586,2011-12-02T15:30:00,117,1493,130,305,374,27,15,86,135,32360,464
587,2011-12-02T16:30:00,117,1493,130,305,374,27,17,112,135,32846,458
588,2011-12-02T17:30:00,117,1494,130,305,373,24,19,127,134,33405,453
589,2011-12-02T18:30:00,117,1494,130,305,373,19,20,160,134,34721,440
590,2011-12-02T19:30:00,117,1495,130,306,373,19,20,152,133,34415,442
591,2011-12-02T20:30:00,117,1495,130,306,373,16,18,96,133,33387,453
592,2011-12-02T21:30:00,117,1496,130,306,373,16,14,22,132,32774,459
593,2011-12-02T22:30:00,117,1496,130,306,373,16,10,3,131,32197,466
594,2011-12-02T23:30:00,117,1497,130,307,373,16,9,0,130,30593,485
595,2011-12-03T00:30:00,117,1497,129,307,373,16,9,0,130,28952,507
596,2011-12-03T01:30:00,117,1497,129,307,373,13,12,0,130,27474,529
597,2011-12-03T02:30:00,117,1498,129,307,373,13,19,0,130,26627,543
598,2011-12-03T03:30:00,117,1498,129,307,373,13,25,0,130,26392,547
599,2011-12-03T04:30:00,118,1498,129,307,373,13,28,0,130,26194,551
600,2011-12-03T05:30:00,118,1499,129,307,373,10,27,0,130,26248,550
600,2011-12-03T05:30:00,118,1499,129,307,373,10,27,0,130,26248,550
601,2011-12-03T06:30:00,118,1500,129,308,373,10,25,0,130,27186,534
602,2011-12-03T07:30:00,118,1501,129,308,373,10,24,0,130,27817,523
603,2011-12-03T08:30:00,118,1501,129,308,373,10,24,0,130,28502,513
604,2011-12-03T09:30:00,118,1502,129,308,373,10,23,0,130,29385,501
605,2011-12-03T10:30:00,118,1503,129,308,373,10,20,0,130,29601,498
606,2011-12-03T11:30:00,118,1504,129,308,373,10,16,0,130,29727,496
607,2011-12-03T12:30:00,118,1505,129,308,374,10,12,0,129,29223,503
608,2011-12-03T13:30:00,118,1505,129,308,374,13,11,0,130,28862,508
609,2011-12-03T14:30:00,118,1505,129,308,374,13,13,47,130,28592,512
610,2011-12-03T15:30:00,118,1506,129,308,374,16,15,117,130,27889,522
611,2011-12-03T16:30:00,118,1506,129,308,374,19,16,186,130,27636,526
612,2011-12-03T17:30:00,118,1507,129,308,374,21,16,210,130,28484,513
613,2011-12-03T18:30:00,118,1507,129,308,374,24,16,195,130,30737,483
614,2011-12-03T19:30:00,118,1507,129,308,374,27,15,173,130,31134,478
615,2011-12-03T20:30:00,118,1508,129,308,374,27,13,124,130,30773,482
616,2011-12-03T21:30:00,118,1508,129,308,374,30,10,69,130,30467,486
617,2011-12-03T22:30:00,118,1508,129,308,375,30,10,22,130,30016,492
618,2011-12-03T23:30:00,118,1508,129,308,375,30,10,0,130,28538,513
619,2011-12-04T00:30:00,118,1508,129,307,375,32,13,0,130,26735,541
620,2011-12-04T01:30:00,118,1508,129,307,375,35,15,0,129,25509,563
621,2011-12-04T02:30:00,118,1508,128,307,375,32,16,0,128,24626,581
622,2011-12-04T03:30:00,118,1508,128,307,375,32,16,0,127,24085,592
623,2011-12-04T04:30:00,118,1508,128,307,375,32,16,0,127,23904,596
624,2011-12-04T05:30:00,118,1508,128,307,375,32,16,0,127,24103,592
625,2011-12-04T06:30:00,118,1508,128,307,375,32,16,0,127,24535,582
626,2011-12-04T07:30:00,118,1508,128,307,375,30,16,0,127,25130,570
627,2011-12-04T08:30:00,118,1509,128,307,375,27,16,0,127,25833,557
628,2011-12-04T09:30:00,118,1509,128,307,374,24,16,0,126,26302,549
629,2011-12-04T10:30:00,117,1509,128,307,374,21,16,0,126,26717,541
630,2011-12-04T11:30:00,117,1509,128,307,374,21,16,0,126,27113,535
631,2011-12-04T12:30:00,117,1509,128,307,374,21,16,0,126,27168,534
632,2011-12-04T13:30:00,117,1509,128,307,374,21,16,0,126,26843,539
633,2011-12-04T14:30:00,117,1509,128,307,374,21,16,46,126,26807,540
634,2011-12-04T15:30:00,117,1509,128,307,374,21,17,115,126,26789,540
635,2011-12-04T16:30:00,117,1509,128,307,374,24,19,177,126,27204,533
636,2011-12-04T17:30:00,117,1509,128,306,374,27,21,186,127,28141,518
637,2011-12-04T18:30:00,117,1509,128,306,374,27,22,172,127,30358,488
638,2011-12-04T19:30:00,117,1508,128,306,374,30,21,140,127,30755,483
639,2011-12-04T20:30:00,117,1508,128,306,374,32,19,86,128,30593,485
640,2011-12-04T21:30:00,117,1508,128,306,374,35,17,30,128,30413,487
641,2011-12-04T22:30:00,117,1508,128,306,374,38,16,0,128,29205,503
642,2011-12-04T23:30:00,117,1508,128,306,374,38,16,0,128,28429,514
643,2011-12-05T00:30:00,117,1508,128,306,374,41,16,0,128,25743,559
644,2011-12-05T01:30:00,117,1507,128,306,374,43,16,0,127,24229,589
645,2011-12-05T02:30:00,117,1507,128,306,374,49,16,0,127,24067,592
646,2011-12-05T03:30:00,117,1507,128,306,374,52,16,0,127,23850,597
647,2011-12-05T04:30:00,117,1507,128,306,374,54,16,0,127,23886,596
648,2011-12-05T05:30:00,116,1507,128,306,374,57,16,0,127,24535,582
649,2011-12-05T06:30:00,116,1506,128,306,374,57,15,0,127,25635,561
650,2011-12-05T07:30:00,116,1506,128,306,374,57,13,0,126,28484,513
651,2011-12-05T08:30:00,116,1506,128,306,374,54,10,0,126,29746,496
652,2011-12-05T09:30:00,116,1506,128,306,374,54,9,0,126,30809,482
653,2011-12-05T10:30:00,116,1506,127,306,374,57,8,0,126,31548,473
654,2011-12-05T11:30:00,116,1505,127,306,374,60,8,0,125,31837,470
655,2011-12-05T12:30:00,116,1505,127,306,374,60,9,0,125,32107,467
656,2011-12-05T13:30:00,116,1504,127,306,374,60,10,0,125,32305,464
657,2011-12-05T14:30:00,116,1504,127,306,374,63,13,3,123,32738,460
658,2011-12-05T15:30:00,116,1503,127,306,374,63,15,12,123,32396,463
659,2011-12-05T16:30:00,116,1502,127,306,375,63,16,44,122,32161,466
660,2011-12-05T17:30:00,116,1502,127,306,375,63,16,80,123,33495,452
661,2011-12-05T18:30:00,116,1501,127,306,375,63,16,99,123,35280,434
662,2011-12-05T19:30:00,116,1500,127,305,375,63,16,80,123,35154,436
663,2011-12-05T20:30:00,116,1499,127,305,375,63,16,51,123,34559,441
664,2011-12-05T21:30:00,116,1498,127,305,375,65,15,23,123,33694,450
665,2011-12-05T22:30:00,116,1497,127,305,376,68,14,11,123,32648,461
666,2011-12-05T23:30:00,116,1496,126,305,376,68,13,0,123,30304,488
667,2011-12-06T00:30:00,116,1495,126,305,376,68,13,0,123,27943,522
668,2011-12-06T01:30:00,116,1494,126,305,376,71,12,0,124,26320,548
669,2011-12-06T02:30:00,116,1493,126,306,376,71,11,0,124,25437,565
670,2011-12-06T03:30:00,116,1492,126,306,376,74,11,0,124,25004,573
671,2011-12-06T04:30:00,116,1491,126,306,376,71,13,0,124,25130,570
672,2011-12-06T05:30:00,116,1490,126,306,376,68,15,0,124,25473,564
673,2011-12-06T06:30:00,116,1490,126,306,376,63,16,0,124,27077,535
674,2011-12-06T07:30:00,116,1489,126,306,376,57,15,0,125,29637,497
675,2011-12-06T08:30:00,116,1488,126,306,376,52,14,0,125,31458,474
676,2011-12-06T09:30:00,116,1488,126,306,376,46,13,0,125,32071,467
677,2011-12-06T10:30:00,116,1487,126,306,376,46,14,0,125,32846,458
678,2011-12-06T11:30:00,116,1486,126,306,376,52,15,0,125,32864,458
679,2011-12-06T12:30:00,116,1485,126,306,376,57,16,0,125,33027,457
680,2011-12-06T13:30:00,116,1485,126,306,376,63,16,0,125,33207,455
681,2011-12-06T14:30:00,116,1484,126,306,376,65,16,15,125,33333,453
682,2011-12-06T15:30:00,116,1483,126,306,376,65,16,24,125,32936,457
683,2011-12-06T16:30:00,116,1482,126,306,376,60,16,45,125,33189,455
684,2011-12-06T17:30:00,115,1482,126,306,376,54,16,48,124,33856,448
685,2011-12-06T18:30:00,115,1481,126,306,376,52,16,61,122,35623,431
686,2011-12-06T19:30:00,115,1481,126,306,376,49,15,54,121,35388,433
687,2011-12-06T20:30:00,115,1480,126,306,376,43,13,45,121,35244,435
688,2011-12-06T21:30:00,115,1480,126,306,376,41,10,24,121,34379,443
689,2011-12-06T22:30:00,115,1480,126,306,376,38,9,9,122,32720,460
690,2011-12-06T23:30:00,115,1480,126,306,376,38,9,0,123,31206,477
691,2011-12-07T00:30:00,115,1480,126,306,376,38,10,0,124,28790,509
692,2011-12-07T01:30:00,115,1480,126,306,376,38,13,0,125,26969,537
693,2011-12-07T02:30:00,115,1480,126,306,376,38,15,0,125,26194,551
694,2011-12-07T03:30:00,115,1481,126,306,375,38,15,0,125,25870,556
695,2011-12-07T04:30:00,115,1481,126,305,375,41,13,0,125,25617,561
696,2011-12-07T05:30:00,115,1481,126,305,375,49,10,0,125,25779,558
697,2011-12-07T06:30:00,115,1481,126,305,375,54,9,0,126,27222,533
698,2011-12-07T07:30:00,115,1482,126,305,375,57,8,0,126,29962,493
699,2011-12-07T08:30:00,115,1482,126,305,375,57,8,0,128,32089,467
700,2011-12-07T09:30:00,114,1482,126,305,375,57,8,0,128,32540,462
700,2011-12-07T09:30:00,114,1482,126,305,375,57,8,0,128,32540,462
701,2011-12-07T10:30:00,114,1483,126,305,374,54,8,0,128,32756,459
702,2011-12-07T11:30:00,114,1483,126,305,374,52,8,0,129,32846,458
703,2011-12-07T12:30:00,114,1484,126,304,374,52,9,0,131,33297,454
704,2011-12-07T13:30:00,114,1484,126,304,374,52,10,0,132,33892,448
705,2011-12-07T14:30:00,114,1485,126,304,374,52,13,17,133,34036,446
706,2011-12-07T15:30:00,114,1485,126,304,373,52,16,35,133,33964,447
707,2011-12-07T16:30:00,114,1485,126,304,373,52,19,57,133,34307,444
708,2011-12-07T17:30:00,114,1485,126,304,373,49,21,58,133,35569,432
709,2011-12-07T18:30:00,114,1486,126,303,373,46,23,56,132,36993,419
710,2011-12-07T19:30:00,114,1486,126,303,373,43,24,43,132,36939,420
711,2011-12-07T20:30:00,114,1486,126,303,373,41,24,29,133,35893,429
712,2011-12-07T21:30:00,113,1486,126,303,373,38,24,13,132,36073,427
713,2011-12-07T22:30:00,113,1486,126,302,373,32,24,4,134,34613,441
714,2011-12-07T23:30:00,113,1486,126,302,372,32,24,0,135,32648,461
715,2011-12-08T00:30:00,113,1487,126,302,372,24,25,0,136,30358,488
716,2011-12-08T01:30:00,113,1487,126,302,372,19,26,0,136,28862,508
717,2011-12-08T02:30:00,113,1487,126,301,372,16,27,0,137,27907,522
718,2011-12-08T03:30:00,113,1487,126,301,372,16,26,0,138,27384,530
719,2011-12-08T04:30:00,113,1487,126,301,372,16,25,0,138,27582,527
720,2011-12-08T05:30:00,113,1487,126,301,372,13,24,0,138,28303,516
721,2011-12-08T06:30:00,113,1488,126,300,372,13,24,0,139,29782,495
722,2011-12-08T07:30:00,113,1488,126,300,372,10,24,0,139,32378,464
723,2011-12-08T08:30:00,113,1488,126,300,372,10,24,0,139,34000,447
724,2011-12-08T09:30:00,113,1488,126,299,372,13,24,0,139,34252,444
725,2011-12-08T10:30:00,113,1488,126,299,372,13,24,0,140,34180,445
726,2011-12-08T11:30:00,112,1488,126,299,372,13,24,0,140,34180,445
727,2011-12-08T12:30:00,112,1488,126,299,372,13,24,0,141,34595,441
728,2011-12-08T13:30:00,112,1488,126,299,372,13,24,0,141,34289,444
729,2011-12-08T14:30:00,112,1487,126,298,372,13,24,45,141,33712,449
730,2011-12-08T15:30:00,112,1487,126,298,372,13,24,87,141,33694,450
731,2011-12-08T16:30:00,112,1487,126,298,372,13,24,128,141,33351,453
732,2011-12-08T17:30:00,112,1487,126,298,373,16,24,129,142,34595,441
733,2011-12-08T18:30:00,112,1486,126,298,373,16,24,163,141,37119,418
734,2011-12-08T19:30:00,112,1486,126,297,373,19,24,178,141,37534,415
735,2011-12-08T20:30:00,112,1485,126,297,373,19,23,160,141,37029,419
736,2011-12-08T21:30:00,112,1485,126,297,373,19,21,84,141,36163,426
737,2011-12-08T22:30:00,112,1485,126,297,373,19,19,29,141,35118,436
738,2011-12-08T23:30:00,112,1484,126,297,373,21,17,0,141,33189,455
739,2011-12-09T00:30:00,112,1484,126,297,373,21,16,0,141,30917,481
740,2011-12-09T01:30:00,112,1484,126,297,373,24,17,0,142,28844,508
741,2011-12-09T02:30:00,112,1484,126,296,374,27,19,0,142,27798,524
742,2011-12-09T03:30:00,112,1484,126,296,374,30,20,0,141,27420,530
743,2011-12-09T04:30:00,111,1484,126,296,374,30,20,0,141,27438,529
744,2011-12-09T05:30:00,111,1484,126,296,374,30,19,0,141,28375,515
745,2011-12-09T06:30:00,111,1484,127,296,374,30,17,0,140,29782,495
746,2011-12-09T07:30:00,111,1484,127,296,374,27,16,0,140,32414,463
747,2011-12-09T08:30:00,111,1484,127,296,375,27,16,0,140,33531,451
748,2011-12-09T09:30:00,112,1484,127,296,375,24,17,0,139,33261,454
749,2011-12-09T10:30:00,112,1484,127,296,375,24,19,0,140,33603,451
750,2011-12-09T11:30:00,112,1484,127,296,375,24,21,0,139,33622,450
751,2011-12-09T12:30:00,112,1483,127,296,375,21,23,0,139,33099,456
752,2011-12-09T13:30:00,112,1483,127,296,376,21,23,0,139,33243,454
753,2011-12-09T14:30:00,112,1483,127,296,376,21,21,29,138,33405,453
754,2011-12-09T15:30:00,112,1482,127,296,376,24,20,76,137,32576,461
755,2011-12-09T16:30:00,112,1482,127,296,376,24,20,123,137,32414,463
756,2011-12-09T17:30:00,112,1482,127,296,376,27,24,150,137,32991,457
757,2011-12-09T18:30:00,112,1482,127,296,376,30,28,151,136,35082,436
758,2011-12-09T19:30:00,112,1482,128,296,376,30,29,144,136,34234,444
759,2011-12-09T20:30:00,112,1482,128,295,376,32,26,101,136,33874,448
760,2011-12-09T21:30:00,112,1482,128,295,376,32,22,53,135,33387,453
761,2011-12-09T22:30:00,112,1482,128,295,376,32,19,13,134,32720,460
762,2011-12-09T23:30:00,112,1482,128,295,377,32,17,0,134,30935,480
763,2011-12-10T00:30:00,112,1482,128,295,377,30,16,0,135,28736,510
764,2011-12-10T01:30:00,112,1482,128,295,377,30,16,0,134,27095,535
765,2011-12-10T02:30:00,112,1483,128,295,377,27,16,0,134,26464,546
766,2011-12-10T03:30:00,112,1483,128,295,377,24,16,0,135,25851,557
767,2011-12-10T04:30:00,112,1484,128,295,377,24,16,0,134,25743,559
768,2011-12-10T05:30:00,112,1484,128,295,377,21,16,0,134,25888,556
769,2011-12-10T06:30:00,112,1484,128,295,377,19,16,0,134,26320,548
770,2011-12-10T07:30:00,112,1485,128,295,377,16,16,0,133,27492,529
771,2011-12-10T08:30:00,112,1485,128,295,377,13,16,0,133,28429,514
772,2011-12-10T09:30:00,112,1486,128,295,377,10,17,0,133,28916,507
773,2011-12-10T10:30:00,112,1486,128,295,377,10,19,0,133,29457,500
774,2011-12-10T11:30:00,112,1486,128,295,378,8,21,0,133,29962,493
775,2011-12-10T12:30:00,112,1486,129,295,378,8,23,0,133,30196,490
776,2011-12-10T13:30:00,112,1487,129,295,378,8,24,0,134,29854,494
777,2011-12-10T14:30:00,113,1487,129,295,378,8,24,45,134,29746,496
778,2011-12-10T15:30:00,113,1487,129,295,377,8,24,113,133,29511,499
779,2011-12-10T16:30:00,113,1488,129,295,377,8,24,196,134,29565,498
780,2011-12-10T17:30:00,113,1488,129,295,377,8,24,236,134,30611,484
781,2011-12-10T18:30:00,113,1488,129,295,377,10,24,243,134,32810,459
782,2011-12-10T19:30:00,113,1488,129,295,377,10,24,215,134,33225,454
783,2011-12-10T20:30:00,113,1489,129,295,377,10,23,160,134,32936,457
784,2011-12-10T21:30:00,113,1489,129,295,377,13,21,85,134,32432,463
785,2011-12-10T22:30:00,113,1490,129,296,378,13,19,29,134,32071,467
786,2011-12-10T23:30:00,113,1490,129,296,378,13,17,0,134,30953,480
787,2011-12-11T00:30:00,113,1491,129,296,378,13,18,0,133,29042,505
788,2011-12-11T01:30:00,113,1491,129,296,378,13,22,0,133,27780,524
789,2011-12-11T02:30:00,113,1492,129,296,378,13,30,0,132,26753,541
790,2011-12-11T03:30:00,113,1492,129,296,378,10,38,0,132,26212,550
791,2011-12-11T04:30:00,113,1493,129,296,378,10,42,0,132,26140,552
792,2011-12-11T05:30:00,113,1494,129,296,379,10,42,0,131,26194,551
793,2011-12-11T06:30:00,113,1494,129,296,379,10,41,0,131,26645,543
794,2011-12-11T07:30:00,113,1495,129,296,379,10,40,0,130,27312,532
795,2011-12-11T08:30:00,113,1495,129,297,379,10,38,0,129,27943,522
796,2011-12-11T09:30:00,113,1496,129,297,379,10,34,0,129,28610,512
797,2011-12-11T10:30:00,113,1496,130,297,379,8,30,0,129,28664,511
798,2011-12-11T11:30:00,113,1497,130,297,379,8,24,0,129,28826,508
799,2011-12-11T12:30:00,113,1497,130,297,379,8,20,0,129,28844,508
800,2011-12-11T13:30:00,113,1498,130,297,379,8,17,0,129,28898,507
800,2011-12-11T13:30:00,113,1498,130,297,379,8,17,0,129,28898,507
801,2011-12-11T14:30:00,113,1498,130,297,379,8,17,44,129,28466,514
802,2011-12-11T15:30:00,113,1499,130,297,379,10,19,112,129,28628,511
803,2011-12-11T16:30:00,113,1499,130,297,379,10,21,194,129,28538,513
804,2011-12-11T17:30:00,113,1500,130,297,379,10,22,233,129,29565,498
805,2011-12-11T18:30:00,113,1500,130,297,379,10,21,241,129,32846,458
806,2011-12-11T19:30:00,113,1500,130,297,379,10,19,214,129,33820,448
807,2011-12-11T20:30:00,113,1501,130,297,379,10,19,160,129,33712,449
808,2011-12-11T21:30:00,113,1501,130,297,379,10,25,85,129,33369,453
809,2011-12-11T22:30:00,113,1502,130,297,379,8,39,30,129,33189,455
810,2011-12-11T23:30:00,113,1502,130,297,379,8,54,0,129,31765,470
811,2011-12-12T00:30:00,113,1502,130,298,379,8,60,0,129,29097,505
812,2011-12-12T01:30:00,113,1503,130,298,379,8,52,0,129,27672,526
813,2011-12-12T02:30:00,113,1503,130,298,379,8,36,0,129,27546,528
814,2011-12-12T03:30:00,113,1503,130,298,379,10,23,0,129,27402,530
815,2011-12-12T04:30:00,113,1504,130,298,379,10,17,0,129,27312,532
816,2011-12-12T05:30:00,113,1504,130,298,379,10,16,0,129,27744,525
817,2011-12-12T06:30:00,113,1504,130,298,379,10,16,0,129,29565,498
818,2011-12-12T07:30:00,113,1504,130,298,379,10,16,0,129,32684,460
819,2011-12-12T08:30:00,113,1503,130,298,379,10,16,0,129,34613,441
820,2011-12-12T09:30:00,113,1503,130,298,379,10,17,0,129,34865,438
821,2011-12-12T10:30:00,113,1503,130,298,379,10,19,0,129,34703,440
822,2011-12-12T11:30:00,113,1503,130,298,379,10,21,0,129,34793,439
823,2011-12-12T12:30:00,113,1502,130,299,379,10,22,0,129,34325,443
824,2011-12-12T13:30:00,113,1502,130,299,379,10,21,0,129,33802,449
825,2011-12-12T14:30:00,114,1501,130,299,379,10,19,34,129,33405,453
826,2011-12-12T15:30:00,114,1501,130,299,379,10,17,101,129,33225,454
827,2011-12-12T16:30:00,114,1500,130,299,379,10,16,183,129,33531,451
828,2011-12-12T17:30:00,114,1500,130,299,379,10,16,213,127,34559,441
829,2011-12-12T18:30:00,114,1499,129,299,379,10,16,211,126,37299,417
830,2011-12-12T19:30:00,114,1499,129,299,380,10,16,177,126,37227,418
831,2011-12-12T20:30:00,114,1498,129,299,380,10,19,130,126,37155,418
832,2011-12-12T21:30:00,114,1497,129,299,380,10,26,64,126,36055,427
833,2011-12-12T22:30:00,114,1496,129,299,380,10,38,18,126,34974,437
834,2011-12-12T23:30:00,114,1496,129,299,380,10,49,0,127,32468,463
835,2011-12-13T00:30:00,114,1495,129,299,380,10,52,0,126,29511,499
836,2011-12-13T01:30:00,114,1495,129,299,380,10,47,0,126,28249,517
837,2011-12-13T02:30:00,114,1494,129,300,380,13,35,0,125,27925,522
838,2011-12-13T03:30:00,114,1493,129,300,380,13,24,0,126,28466,514
839,2011-12-13T04:30:00,114,1492,129,300,380,16,18,0,125,27726,525
840,2011-12-13T05:30:00,114,1492,129,300,380,16,17,0,125,28916,507
841,2011-12-13T06:30:00,114,1491,129,300,380,16,20,0,125,30322,488
842,2011-12-13T07:30:00,114,1490,129,300,380,16,25,0,125,32936,457
843,2011-12-13T08:30:00,114,1489,129,300,380,16,33,0,126,35208,435
844,2011-12-13T09:30:00,114,1488,129,300,380,16,43,0,125,34613,441
845,2011-12-13T10:30:00,114,1487,129,300,380,16,53,0,126,34469,442
846,2011-12-13T11:30:00,114,1486,129,300,381,16,60,0,126,34649,440
847,2011-12-13T12:30:00,114,1485,129,301,381,19,61,0,126,34811,439
848,2011-12-13T13:30:00,114,1485,129,301,381,19,54,0,126,34505,442
849,2011-12-13T14:30:00,114,1484,129,301,381,21,42,29,126,33964,447
850,2011-12-13T15:30:00,114,1483,129,301,381,21,28,69,126,33531,451
851,2011-12-13T16:30:00,114,1482,129,301,381,21,16,121,126,33081,456
852,2011-12-13T17:30:00,114,1481,129,301,381,24,10,171,125,33928,447
853,2011-12-13T18:30:00,114,1480,129,301,381,24,8,201,124,36614,423
854,2011-12-13T19:30:00,114,1480,129,301,381,24,10,193,124,36488,424
855,2011-12-13T20:30:00,114,1479,129,301,381,27,17,140,123,36037,428
856,2011-12-13T21:30:00,114,1478,129,301,381,27,32,70,123,35370,434
857,2011-12-13T22:30:00,114,1478,129,302,381,27,53,27,123,34108,445
858,2011-12-13T23:30:00,114,1478,129,302,381,30,71,0,123,32071,467
859,2011-12-14T00:30:00,114,1477,129,302,381,30,81,0,123,29223,503
860,2011-12-14T01:30:00,114,1477,129,302,381,32,80,0,123,27690,525
861,2011-12-14T02:30:00,114,1476,129,302,381,32,75,0,123,26428,546
862,2011-12-14T03:30:00,114,1476,128,302,381,35,71,0,123,26591,544
863,2011-12-14T04:30:00,114,1476,128,303,381,35,71,0,123,26410,547
864,2011-12-14T05:30:00,114,1476,128,303,381,35,69,0,123,27077,535
865,2011-12-14T06:30:00,114,1476,128,303,380,35,64,0,124,28213,517
866,2011-12-14T07:30:00,114,1475,128,303,380,38,55,0,125,30557,485
867,2011-12-14T08:30:00,114,1475,128,303,380,41,43,0,125,32738,460
868,2011-12-14T09:30:00,114,1476,129,304,380,43,30,0,125,32828,459
869,2011-12-14T10:30:00,114,1476,129,304,380,49,19,0,125,33369,453
870,2011-12-14T11:30:00,114,1476,129,304,380,52,11,0,125,33820,448
871,2011-12-14T12:30:00,114,1476,129,304,380,57,9,0,125,33477,452
872,2011-12-14T13:30:00,114,1476,129,304,379,60,9,0,125,33135,455
873,2011-12-14T14:30:00,114,1476,129,304,379,63,10,14,125,33369,453
874,2011-12-14T15:30:00,114,1476,129,304,379,65,13,21,125,33207,455
875,2011-12-14T16:30:00,114,1476,129,304,379,65,15,36,124,33135,455
876,2011-12-14T17:30:00,114,1477,129,304,379,63,17,41,123,33513,451
877,2011-12-14T18:30:00,114,1477,129,305,378,60,19,52,123,35623,431
878,2011-12-14T19:30:00,114,1477,129,305,378,60,20,53,123,35731,430
879,2011-12-14T20:30:00,114,1478,128,305,378,57,20,34,123,35460,433
880,2011-12-14T21:30:00,113,1478,128,305,377,54,20,16,122,34325,443
881,2011-12-14T22:30:00,113,1479,128,305,377,49,20,0,123,33856,448
882,2011-12-14T23:30:00,113,1479,128,305,377,46,21,0,122,30737,483
883,2011-12-15T00:30:00,113,1480,128,305,377,49,23,0,122,28375,515
884,2011-12-15T01:30:00,113,1480,128,305,376,49,24,0,122,26537,545
885,2011-12-15T02:30:00,113,1481,128,305,376,49,24,0,122,25383,566
886,2011-12-15T03:30:00,113,1482,128,305,376,49,24,0,122,25455,564
887,2011-12-15T04:30:00,113,1482,128,305,376,49,24,0,122,25347,566
888,2011-12-15T05:30:00,113,1483,128,305,375,49,24,0,123,25311,567
889,2011-12-15T06:30:00,113,1483,128,305,375,49,24,0,123,27059,536
890,2011-12-15T07:30:00,113,1484,128,305,375,49,24,0,123,29367,501
891,2011-12-15T08:30:00,113,1485,128,306,375,54,24,0,123,30881,481
892,2011-12-15T09:30:00,113,1485,128,306,375,57,23,0,124,31368,475
893,2011-12-15T10:30:00,113,1486,128,306,375,63,22,0,124,31855,469
894,2011-12-15T11:30:00,113,1486,128,306,375,68,23,0,124,32107,467
895,2011-12-15T12:30:00,113,1487,128,306,374,74,28,0,124,32233,465
896,2011-12-15T13:30:00,113,1487,128,306,374,76,34,0,124,32360,464
897,2011-12-15T14:30:00,113,1488,128,306,374,76,40,5,124,32053,467
898,2011-12-15T15:30:00,113,1488,128,305,374,68,43,8,123,31837,470
899,2011-12-15T16:30:00,113,1489,128,305,374,60,47,14,123,32233,465
900,2011-12-15T17:30:00,113,1489,128,305,374,54,51,21,123,33549,451
900,2011-12-15T17:30:00,113,1489,128,305,374,54,51,21,123,33549,451
901,2011-12-15T18:30:00,113,1490,128,305,374,57,54,27,123,35208,435
902,2011-12-15T19:30:00,113,1490,128,305,374,60,55,29,123,34974,437
903,2011-12-15T20:30:00,113,1491,128,305,374,63,54,27,122,33549,451
904,2011-12-15T21:30:00,113,1492,128,305,374,60,51,17,123,33477,452
905,2011-12-15T22:30:00,113,1493,128,305,374,52,47,9,122,32594,461
906,2011-12-15T23:30:00,113,1493,128,305,374,46,43,0,121,30286,489
907,2011-12-16T00:30:00,113,1494,128,305,374,35,42,0,121,28177,518
908,2011-12-16T01:30:00,113,1494,128,305,374,30,43,0,121,26591,544
909,2011-12-16T02:30:00,113,1495,128,306,374,24,46,0,121,26302,549
910,2011-12-16T03:30:00,113,1496,128,306,374,21,48,0,122,25815,557
911,2011-12-16T04:30:00,113,1496,128,306,374,19,50,0,122,25815,557
912,2011-12-16T05:30:00,113,1497,128,306,374,16,51,0,123,26248,550
913,2011-12-16T06:30:00,113,1498,128,306,374,13,53,0,123,27348,531
914,2011-12-16T07:30:00,113,1498,128,306,374,13,52,0,124,29890,494
915,2011-12-16T08:30:00,112,1498,128,306,374,13,49,0,124,31620,472
916,2011-12-16T09:30:00,112,1499,128,306,374,13,43,0,124,31693,471
917,2011-12-16T10:30:00,112,1499,128,306,374,13,39,0,127,32035,467
918,2011-12-16T11:30:00,112,1499,128,306,374,13,34,0,124,32414,463
919,2011-12-16T12:30:00,112,1500,128,306,374,13,30,0,124,32973,457
920,2011-12-16T13:30:00,112,1500,128,306,374,13,27,0,124,33081,456
921,2011-12-16T14:30:00,112,1500,128,306,374,13,26,22,124,32882,458
922,2011-12-16T15:30:00,112,1500,127,306,374,13,26,49,124,32522,462
923,2011-12-16T16:30:00,112,1500,127,306,374,16,27,93,123,32918,458
924,2011-12-16T17:30:00,112,1500,127,306,374,16,26,103,124,33531,451
925,2011-12-16T18:30:00,112,1501,127,306,374,19,25,103,124,35514,432
926,2011-12-16T19:30:00,112,1501,127,306,374,19,23,85,123,35605,431
927,2011-12-16T20:30:00,112,1501,127,306,374,19,21,68,123,34811,439
928,2011-12-16T21:30:00,112,1501,127,306,375,21,19,41,123,34415,442
929,2011-12-16T22:30:00,112,1501,127,306,375,21,17,15,123,33640,450
930,2011-12-16T23:30:00,112,1501,127,306,375,21,15,0,124,31584,473
931,2011-12-17T00:30:00,112,1501,127,306,375,19,14,0,123,29169,504
932,2011-12-17T01:30:00,112,1501,127,306,375,19,13,0,123,27564,527
933,2011-12-17T02:30:00,112,1501,127,306,375,16,14,0,123,26591,544
934,2011-12-17T03:30:00,112,1501,127,306,375,16,15,0,124,26104,552
935,2011-12-17T04:30:00,112,1501,127,306,375,16,16,0,125,26248,550
936,2011-12-17T05:30:00,112,1501,127,306,375,16,16,0,125,26158,551
937,2011-12-17T06:30:00,112,1502,127,306,375,16,16,0,125,26699,542
938,2011-12-17T07:30:00,112,1502,127,306,375,13,16,0,125,27077,535
939,2011-12-17T08:30:00,112,1502,127,306,375,16,16,0,125,28808,509
940,2011-12-17T09:30:00,112,1502,127,306,375,16,17,0,125,29601,498
941,2011-12-17T10:30:00,112,1502,127,306,375,19,19,0,126,30773,482
942,2011-12-17T11:30:00,112,1502,127,306,375,19,20,0,127,31440,474
943,2011-12-17T12:30:00,112,1502,127,306,376,19,20,0,127,31855,469
944,2011-12-17T13:30:00,112,1502,127,306,376,21,20,0,126,31476,474
945,2011-12-17T14:30:00,112,1503,127,306,376,21,20,6,126,31278,476
946,2011-12-17T15:30:00,112,1503,127,306,376,21,24,29,125,31548,473
947,2011-12-17T16:30:00,112,1504,127,306,376,21,29,59,125,31945,468
948,2011-12-17T17:30:00,112,1504,127,306,376,21,31,98,125,32630,461
949,2011-12-17T18:30:00,112,1505,126,306,376,21,32,111,124,34307,444
950,2011-12-17T19:30:00,112,1505,126,306,376,21,32,109,124,35478,433
951,2011-12-17T20:30:00,112,1506,126,305,376,19,31,73,124,34992,437
952,2011-12-17T21:30:00,112,1506,126,305,376,19,29,36,124,33748,449
953,2011-12-17T22:30:00,112,1507,126,305,376,19,24,9,124,33459,452
954,2011-12-17T23:30:00,112,1508,126,305,376,19,20,0,124,31711,471
955,2011-12-18T00:30:00,112,1508,127,305,377,19,17,0,124,29962,493
956,2011-12-18T01:30:00,112,1509,127,305,377,19,16,0,124,28303,516
957,2011-12-18T02:30:00,112,1509,127,305,377,19,16,0,124,26879,539
958,2011-12-18T03:30:00,112,1510,127,305,377,19,16,0,124,26428,546
959,2011-12-18T04:30:00,112,1511,127,305,377,19,16,0,124,26212,550
960,2011-12-18T05:30:00,112,1511,127,305,377,19,16,0,124,26014,554
961,2011-12-18T06:30:00,112,1512,127,305,377,19,16,0,124,26482,545
962,2011-12-18T07:30:00,112,1513,127,305,377,19,16,0,124,26068,553
963,2011-12-18T08:30:00,112,1514,127,305,378,19,16,0,124,27041,536
964,2011-12-18T09:30:00,112,1515,127,305,378,16,16,0,124,27925,522
965,2011-12-18T10:30:00,112,1516,127,305,378,16,16,0,125,29205,503
966,2011-12-18T11:30:00,112,1516,127,305,378,16,16,0,125,29601,498
967,2011-12-18T12:30:00,112,1517,127,305,378,16,17,0,125,29872,494
968,2011-12-18T13:30:00,112,1518,127,305,378,16,20,0,127,29511,499
969,2011-12-18T14:30:00,112,1519,127,305,378,16,24,7,127,29547,498
970,2011-12-18T15:30:00,113,1520,127,305,378,16,30,43,127,29836,494
971,2011-12-18T16:30:00,113,1521,127,305,378,19,33,62,127,29908,493
972,2011-12-18T17:30:00,113,1522,127,305,378,19,35,105,126,30971,480
973,2011-12-18T18:30:00,113,1523,127,305,379,21,34,120,126,33567,451
974,2011-12-18T19:30:00,113,1525,128,305,379,21,32,117,126,34271,444
975,2011-12-18T20:30:00,113,1526,128,305,379,21,29,76,126,33658,450
976,2011-12-18T21:30:00,113,1527,128,305,379,21,24,24,126,33694,450
977,2011-12-18T22:30:00,113,1528,128,305,379,21,20,9,126,33153,455
978,2011-12-18T23:30:00,113,1529,128,305,379,21,20,0,126,31693,471
979,2011-12-19T00:30:00,113,1530,128,305,379,21,21,0,126,29295,502
980,2011-12-19T01:30:00,113,1532,128,305,378,24,23,0,126,27817,523
981,2011-12-19T02:30:00,113,1533,128,304,378,24,25,0,126,27023,536
982,2011-12-19T03:30:00,113,1534,128,304,378,24,27,0,126,26825,540
983,2011-12-19T04:30:00,113,1535,128,304,378,24,30,0,126,26464,546
984,2011-12-19T05:30:00,113,1536,128,304,378,24,31,0,126,26500,545
985,2011-12-19T06:30:00,113,1537,128,304,378,21,32,0,126,28592,512
986,2011-12-19T07:30:00,113,1538,128,304,378,21,32,0,124,30881,481
987,2011-12-19T08:30:00,113,1539,128,304,378,24,32,0,124,32882,458
988,2011-12-19T09:30:00,113,1540,128,304,378,24,32,0,123,33279,454
989,2011-12-19T10:30:00,113,1541,128,304,378,24,32,0,123,33748,449
990,2011-12-19T11:30:00,113,1541,129,304,378,24,32,0,123,33513,451
991,2011-12-19T12:30:00,113,1542,129,304,378,24,33,0,122,33712,449
992,2011-12-19T13:30:00,113,1542,129,303,378,30,35,0,121,33712,449
993,2011-12-19T14:30:00,113,1543,129,303,378,35,38,14,121,33946,447
994,2011-12-19T15:30:00,113,1543,129,303,378,41,41,36,121,34090,446
995,2011-12-19T16:30:00,113,1543,129,303,378,43,43,62,121,34252,444
996,2011-12-19T17:30:00,113,1543,129,303,378,43,46,51,121,34703,440
997,2011-12-19T18:30:00,113,1543,129,303,378,41,48,41,122,36614,423
998,2011-12-19T19:30:00,113,1543,129,303,378,41,49,24,123,36704,422
999,2011-12-19T20:30:00,113,1543,129,303,378,38,48,23,122,36055,427
1000,2011-12-19T21:30:00,113,1543,129,303,378,38,46,10,122,35460,433
1000,2011-12-19T21:30:00,113,1543,129,303,378,38,46,10,122,35460,433
1001,2011-12-19T22:30:00,113,1543,129,302,378,38,43,1,122,34379,443
1002,2011-12-19T23:30:00,113,1543,129,302,378,38,41,0,121,32522,462
1003,2011-12-20T00:30:00,113,1543,129,302,378,43,40,0,121,29836,494
1004,2011-12-20T01:30:00,113,1543,129,302,378,46,38,0,121,27979,521
1005,2011-12-20T02:30:00,113,1543,129,302,378,52,34,0,121,26717,541
1006,2011-12-20T03:30:00,113,1543,129,302,378,54,31,0,121,26014,554
1007,2011-12-20T04:30:00,113,1543,129,302,379,54,30,0,121,25888,556
1008,2011-12-20T05:30:00,113,1542,129,302,379,54,30,0,122,26158,551
1009,2011-12-20T06:30:00,113,1542,129,302,379,52,30,0,123,27907,522
1010,2011-12-20T07:30:00,113,1542,129,302,379,52,29,0,124,30106,491
1011,2011-12-20T08:30:00,113,1541,129,302,379,52,24,0,124,32594,461
1012,2011-12-20T09:30:00,113,1541,129,302,380,52,20,0,124,32954,457
1013,2011-12-20T10:30:00,113,1540,129,302,380,52,17,0,124,33297,454
1014,2011-12-20T11:30:00,113,1539,129,302,380,52,17,0,125,33784,449
1015,2011-12-20T12:30:00,113,1539,129,302,380,54,19,0,125,33856,448
1016,2011-12-20T13:30:00,113,1538,129,302,381,54,20,0,125,33694,450
1017,2011-12-20T14:30:00,113,1537,129,302,381,54,20,15,124,33243,454
1018,2011-12-20T15:30:00,113,1536,129,302,381,54,17,46,123,33405,453
1019,2011-12-20T16:30:00,113,1535,129,302,381,57,14,73,123,33423,452
1020,2011-12-20T17:30:00,113,1535,129,302,381,57,14,81,123,33856,448
1021,2011-12-20T18:30:00,113,1534,129,302,382,54,15,70,123,35623,431
1022,2011-12-20T19:30:00,113,1533,129,302,382,54,15,49,122,35893,429
1023,2011-12-20T20:30:00,113,1532,129,302,382,54,14,29,122,35316,434
1024,2011-12-20T21:30:00,113,1532,129,302,382,52,14,10,121,35262,435
1025,2011-12-20T22:30:00,113,1531,129,302,382,49,16,3,121,33315,454
1026,2011-12-20T23:30:00,113,1530,129,302,382,49,18,0,120,31494,474
1027,2011-12-21T00:30:00,113,1530,130,302,382,52,18,0,120,29024,506
1028,2011-12-21T01:30:00,113,1529,130,302,382,52,18,0,120,26248,550
1029,2011-12-21T02:30:00,113,1528,130,302,383,52,19,0,121,25509,563
1030,2011-12-21T03:30:00,113,1527,130,303,383,52,21,0,122,25257,568
1031,2011-12-21T04:30:00,113,1526,130,303,383,54,23,0,124,25888,556
1032,2011-12-21T05:30:00,113,1525,130,303,383,60,24,0,125,25491,564
1033,2011-12-21T06:30:00,113,1523,130,303,383,65,24,0,125,27222,533
1034,2011-12-21T07:30:00,113,1522,130,303,383,74,24,0,125,30016,492
1035,2011-12-21T08:30:00,114,1521,130,303,382,74,24,0,125,31747,471
1036,2011-12-21T09:30:00,114,1520,130,303,382,74,25,0,125,32360,464
1037,2011-12-21T10:30:00,114,1519,130,302,382,74,27,0,125,32504,462
1038,2011-12-21T11:30:00,114,1518,130,302,382,71,29,0,124,33225,454
1039,2011-12-21T12:30:00,114,1517,130,302,382,68,29,0,124,33117,456
1040,2011-12-21T13:30:00,114,1516,130,302,382,71,28,0,123,32828,459
1041,2011-12-21T14:30:00,114,1515,130,302,382,71,29,7,123,33153,455
1042,2011-12-21T15:30:00,114,1514,130,302,382,71,32,16,122,32486,462
1043,2011-12-21T16:30:00,114,1514,130,302,382,74,39,23,121,32738,460
1044,2011-12-21T17:30:00,114,1513,130,302,381,68,45,36,121,33045,456
1045,2011-12-21T18:30:00,114,1512,131,302,381,60,51,59,121,34631,440
1046,2011-12-21T19:30:00,114,1512,131,302,381,52,56,85,121,34289,444
1047,2011-12-21T20:30:00,114,1512,131,302,381,49,59,77,121,34216,444
1048,2011-12-21T21:30:00,114,1511,131,302,380,49,59,45,123,33063,456
1049,2011-12-21T22:30:00,114,1511,131,301,380,49,56,11,124,32558,462
1050,2011-12-21T23:30:00,114,1511,131,301,380,46,52,0,125,30557,485
1051,2011-12-22T00:30:00,114,1511,131,301,379,38,49,0,126,28213,517
1052,2011-12-22T01:30:00,114,1511,131,301,379,35,46,0,126,26248,550
1053,2011-12-22T02:30:00,114,1511,131,301,379,32,43,0,126,25130,570
1054,2011-12-22T03:30:00,114,1510,131,301,379,30,41,0,126,24572,582
1055,2011-12-22T04:30:00,114,1510,131,301,378,30,37,0,126,24157,590
1056,2011-12-22T05:30:00,114,1510,131,301,378,27,32,0,126,24572,582
1057,2011-12-22T06:30:00,114,1510,131,301,378,27,27,0,127,25978,554
1058,2011-12-22T07:30:00,114,1510,132,301,378,27,22,0,127,28267,517
1059,2011-12-22T08:30:00,114,1510,132,301,378,30,19,0,127,30250,489
1060,2011-12-22T09:30:00,114,1510,132,301,377,30,17,0,127,30647,484
1061,2011-12-22T10:30:00,114,1510,132,301,377,30,16,0,128,30773,482
1062,2011-12-22T11:30:00,114,1510,132,301,377,30,16,0,129,31007,479
1063,2011-12-22T12:30:00,114,1510,132,301,377,30,15,0,129,31152,478
1064,2011-12-22T13:30:00,114,1510,132,301,377,32,14,0,130,30755,483
1065,2011-12-22T14:30:00,114,1510,132,300,377,32,13,7,130,31098,478
1066,2011-12-22T15:30:00,114,1510,132,300,377,35,15,17,131,30917,481
1067,2011-12-22T16:30:00,114,1510,132,300,377,41,19,35,131,30395,487
1068,2011-12-22T17:30:00,114,1510,132,300,377,46,23,45,131,31602,472
1069,2011-12-22T18:30:00,114,1510,132,300,377,49,25,47,132,33622,450
1070,2011-12-22T19:30:00,114,1510,132,300,377,52,22,38,132,33640,450
1071,2011-12-22T20:30:00,115,1510,132,300,377,54,18,26,133,33081,456
1072,2011-12-22T21:30:00,115,1510,132,300,377,57,15,14,132,32648,461
1073,2011-12-22T22:30:00,115,1509,132,300,377,60,16,6,133,31440,474
1074,2011-12-22T23:30:00,115,1509,132,300,377,60,18,0,134,29998,492
1075,2011-12-23T00:30:00,115,1509,132,300,377,60,19,0,134,27871,523
1076,2011-12-23T01:30:00,115,1509,132,300,377,60,20,0,135,26122,552
1077,2011-12-23T02:30:00,115,1508,132,300,377,60,24,0,136,25112,571
1078,2011-12-23T03:30:00,115,1508,132,300,378,57,29,0,136,24553,582
1079,2011-12-23T04:30:00,115,1508,132,299,378,52,31,0,137,24283,588
1080,2011-12-23T05:30:00,115,1507,132,299,378,46,32,0,137,24986,573
1081,2011-12-23T06:30:00,115,1506,132,299,378,43,32,0,137,26050,553
1082,2011-12-23T07:30:00,115,1506,132,299,378,38,32,0,137,27907,522
1083,2011-12-23T08:30:00,115,1506,132,299,378,35,32,0,137,29421,500
1084,2011-12-23T09:30:00,115,1506,132,299,378,30,31,0,137,30286,489
1085,2011-12-23T10:30:00,115,1506,132,299,379,27,30,0,137,30304,488
1086,2011-12-23T11:30:00,116,1506,132,299,379,27,28,0,137,31098,478
1087,2011-12-23T12:30:00,116,1506,132,299,379,27,28,0,137,31278,476
1088,2011-12-23T13:30:00,116,1506,132,299,379,24,30,0,136,31368,475
1089,2011-12-23T14:30:00,116,1505,132,299,379,24,32,16,136,31188,477
1090,2011-12-23T15:30:00,116,1505,132,299,380,24,35,24,136,30989,480
1091,2011-12-23T16:30:00,116,1505,132,299,380,21,38,36,136,30701,483
1092,2011-12-23T17:30:00,116,1505,132,299,380,19,40,29,136,32017,468
1093,2011-12-23T18:30:00,116,1505,132,299,380,19,40,34,136,34054,446
1094,2011-12-23T19:30:00,116,1505,132,299,380,16,38,46,136,34108,445
1095,2011-12-23T20:30:00,116,1506,132,299,381,16,34,40,136,33585,451
1096,2011-12-23T21:30:00,116,1506,132,299,381,16,30,28,136,33063,456
1097,2011-12-23T22:30:00,116,1506,132,299,381,13,25,3,137,32342,464
1098,2011-12-23T23:30:00,116,1506,132,299,381,13,22,0,137,30629,484
1099,2011-12-24T00:30:00,116,1506,132,299,381,13,22,0,137,28141,518
1100,2011-12-24T01:30:00,116,1506,132,299,381,13,23,0,137,26392,547
1100,2011-12-24T01:30:00,116,1506,132,299,381,13,23,0,137,26392,547
1101,2011-12-24T02:30:00,116,1506,132,299,382,13,23,0,137,25455,564
1102,2011-12-24T03:30:00,116,1506,132,299,382,13,21,0,137,24806,577
1103,2011-12-24T04:30:00,116,1506,132,299,382,13,20,0,138,24337,587
1104,2011-12-24T05:30:00,115,1506,132,299,382,16,20,0,139,24319,587
1105,2011-12-24T06:30:00,115,1507,132,299,382,16,21,0,139,24950,574
1106,2011-12-24T07:30:00,115,1507,132,299,382,16,23,0,139,25581,562
1107,2011-12-24T08:30:00,115,1507,132,299,383,16,24,0,139,26699,542
1108,2011-12-24T09:30:00,115,1507,132,299,383,16,25,0,139,27366,531
1109,2011-12-24T10:30:00,115,1507,132,299,383,13,30,0,139,27925,522
1110,2011-12-24T11:30:00,115,1508,132,299,383,13,38,0,139,28502,513
1111,2011-12-24T12:30:00,115,1508,132,299,384,13,45,0,139,28790,509
1112,2011-12-24T13:30:00,115,1509,132,299,384,13,44,0,138,28916,507
1113,2011-12-24T14:30:00,115,1509,132,299,384,13,35,6,138,28682,510
1114,2011-12-24T15:30:00,115,1510,132,299,385,13,24,38,138,28375,515
1115,2011-12-24T16:30:00,115,1510,131,299,385,13,19,86,138,27780,524
1116,2011-12-24T17:30:00,115,1511,131,299,385,13,19,100,138,28718,510
1117,2011-12-24T18:30:00,115,1511,131,299,386,13,21,94,138,30322,488
1118,2011-12-24T19:30:00,115,1511,131,299,386,13,23,69,138,30214,489
1119,2011-12-24T20:30:00,115,1512,131,299,386,16,24,50,139,29709,496
1120,2011-12-24T21:30:00,115,1513,131,299,386,16,25,24,139,29367,501
1121,2011-12-24T22:30:00,115,1513,131,299,386,19,26,2,139,29259,502
1122,2011-12-24T23:30:00,115,1514,131,299,387,19,26,0,139,28502,513
1123,2011-12-25T00:30:00,115,1515,131,299,387,16,23,0,139,27582,527
1124,2011-12-25T01:30:00,115,1516,131,299,387,16,20,0,139,26176,551
1125,2011-12-25T02:30:00,115,1516,131,299,387,16,20,0,139,25112,571
1126,2011-12-25T03:30:00,115,1517,131,299,388,16,21,0,139,24463,584
1127,2011-12-25T04:30:00,115,1517,131,299,388,16,24,0,139,24139,591
1128,2011-12-25T05:30:00,115,1518,131,299,388,13,27,0,138,24193,590
1129,2011-12-25T06:30:00,115,1518,131,299,388,13,30,0,138,24499,583
1130,2011-12-25T07:30:00,115,1519,131,299,388,13,31,0,138,25058,572
1131,2011-12-25T08:30:00,115,1519,131,299,388,16,32,0,138,25707,559
1132,2011-12-25T09:30:00,115,1520,131,299,388,16,32,0,138,26158,551
1133,2011-12-25T10:30:00,115,1520,131,299,388,16,33,0,138,26500,545
1134,2011-12-25T11:30:00,115,1521,131,299,388,19,35,0,138,26374,547
1135,2011-12-25T12:30:00,115,1521,131,298,388,21,38,0,137,26374,547
1136,2011-12-25T13:30:00,115,1522,131,298,388,21,41,0,137,25996,554
1137,2011-12-25T14:30:00,115,1522,130,298,388,19,44,39,136,25743,559
1138,2011-12-25T15:30:00,115,1523,130,298,388,19,49,101,135,25509,563
1139,2011-12-25T16:30:00,115,1523,130,298,388,19,53,162,135,25221,569
1140,2011-12-25T17:30:00,115,1524,130,298,388,19,56,205,135,25617,561
1141,2011-12-25T18:30:00,115,1524,130,298,388,19,57,201,135,27222,533
1142,2011-12-25T19:30:00,115,1524,130,297,388,19,57,167,135,27817,523
1143,2011-12-25T20:30:00,115,1525,130,297,388,21,56,116,135,27817,523
1144,2011-12-25T21:30:00,115,1525,130,297,388,24,54,57,135,27943,522
1145,2011-12-25T22:30:00,115,1526,130,297,388,24,51,30,135,27780,524
1146,2011-12-25T23:30:00,115,1526,130,297,388,27,50,0,136,26933,538
1147,2011-12-26T00:30:00,115,1526,130,297,388,24,50,0,135,26140,552
1148,2011-12-26T01:30:00,115,1527,130,296,387,21,51,0,135,24770,578
1149,2011-12-26T02:30:00,115,1527,130,296,387,19,54,0,135,24067,592
1150,2011-12-26T03:30:00,115,1528,130,296,387,19,55,0,135,23670,601
1151,2011-12-26T04:30:00,115,1528,130,296,387,19,54,0,135,23364,608
1152,2011-12-26T05:30:00,115,1528,129,296,387,19,51,0,135,23616,602
1153,2011-12-26T06:30:00,115,1528,129,296,387,19,47,0,135,24247,589
1154,2011-12-26T07:30:00,115,1529,129,295,387,16,43,0,135,25275,568
1155,2011-12-26T08:30:00,115,1529,129,295,387,16,41,0,135,26050,553
1156,2011-12-26T09:30:00,115,1530,129,295,387,13,38,0,135,26410,547
1157,2011-12-26T10:30:00,115,1530,129,295,387,13,35,0,135,27276,532
1158,2011-12-26T11:30:00,115,1531,129,295,387,13,33,0,135,27961,521
1159,2011-12-26T12:30:00,115,1531,129,295,387,13,32,0,135,28411,514
1160,2011-12-26T13:30:00,115,1532,129,294,387,16,32,0,135,28213,517
1161,2011-12-26T14:30:00,115,1533,129,294,387,16,33,9,135,27564,527
1162,2011-12-26T15:30:00,115,1533,129,294,387,16,35,22,134,27258,532
1163,2011-12-26T16:30:00,115,1534,129,294,387,19,38,39,134,27474,529
1164,2011-12-26T17:30:00,115,1535,129,294,387,19,39,89,134,27835,523
1165,2011-12-26T18:30:00,114,1536,129,294,387,19,38,149,134,30575,485
1166,2011-12-26T19:30:00,114,1536,129,294,387,19,35,187,133,31494,474
1167,2011-12-26T20:30:00,114,1537,129,294,388,19,32,161,133,31638,472
1168,2011-12-26T21:30:00,114,1538,128,294,388,19,30,87,133,31296,476
1169,2011-12-26T22:30:00,114,1539,128,294,388,16,30,31,133,30593,485
1170,2011-12-26T23:30:00,114,1540,128,294,388,16,30,0,133,29205,503
1171,2011-12-27T00:30:00,114,1540,128,294,388,13,29,0,133,27294,532
1172,2011-12-27T01:30:00,114,1541,128,294,388,13,27,0,133,25743,559
1173,2011-12-27T02:30:00,114,1541,128,294,388,16,24,0,133,24788,577
1174,2011-12-27T03:30:00,114,1542,128,294,388,16,21,0,133,24337,587
1175,2011-12-27T04:30:00,114,1543,128,294,388,19,20,0,134,24265,588
1176,2011-12-27T05:30:00,114,1543,128,294,389,19,20,0,135,24481,584
1177,2011-12-27T06:30:00,114,1543,128,294,389,21,21,0,135,25779,558
1178,2011-12-27T07:30:00,114,1543,128,294,389,24,23,0,135,27474,529
1179,2011-12-27T08:30:00,114,1543,128,294,389,27,24,0,134,28808,509
1180,2011-12-27T09:30:00,114,1543,128,294,389,27,24,0,134,29854,494
1181,2011-12-27T10:30:00,114,1543,128,294,389,24,24,0,134,31206,477
1182,2011-12-27T11:30:00,114,1543,128,294,390,30,24,0,134,32468,463
1183,2011-12-27T12:30:00,114,1542,128,294,390,35,24,0,134,32720,460
1184,2011-12-27T13:30:00,114,1542,128,294,390,46,25,0,134,32648,461
1185,2011-12-27T14:30:00,114,1541,128,294,390,54,28,11,134,32882,458
1186,2011-12-27T15:30:00,114,1541,128,294,390,54,33,29,134,32612,461
1187,2011-12-27T16:30:00,114,1540,128,294,391,54,40,53,134,32251,465
1188,2011-12-27T17:30:00,114,1540,128,295,391,52,44,45,135,32792,459
1189,2011-12-27T18:30:00,114,1539,128,295,391,49,45,35,135,34397,443
1190,2011-12-27T19:30:00,114,1538,128,295,391,43,42,16,134,34415,442
1191,2011-12-27T20:30:00,114,1537,128,295,391,41,38,31,135,33838,448
1192,2011-12-27T21:30:00,114,1537,128,295,391,38,33,22,135,33459,452
1193,2011-12-27T22:30:00,114,1536,128,295,391,35,32,18,135,32468,463
1194,2011-12-27T23:30:00,114,1535,128,296,391,35,37,0,137,30683,483
1195,2011-12-28T00:30:00,114,1535,128,296,391,32,46,0,138,28592,512
1196,2011-12-28T01:30:00,114,1534,128,296,391,30,55,0,139,27113,535
1197,2011-12-28T02:30:00,114,1533,128,296,391,30,61,0,139,26194,551
1198,2011-12-28T03:30:00,114,1532,128,296,391,30,64,0,140,25725,559
1199,2011-12-28T04:30:00,114,1531,128,296,390,30,64,0,142,25311,567
1200,2011-12-28T05:30:00,114,1530,128,296,390,27,63,0,142,26050,553
1200,2011-12-28T05:30:00,114,1530,128,296,390,27,63,0,142,26050,553
1201,2011-12-28T06:30:00,114,1529,128,296,390,24,62,0,142,27168,534
1202,2011-12-28T07:30:00,114,1528,128,297,390,21,64,0,142,29205,503
1203,2011-12-28T08:30:00,114,1527,128,297,390,19,67,0,142,30917,481
1204,2011-12-28T09:30:00,113,1527,128,297,389,16,70,0,143,31945,468
1205,2011-12-28T10:30:00,113,1526,128,297,389,13,70,0,144,32774,459
1206,2011-12-28T11:30:00,113,1525,127,297,389,13,67,0,144,33441,452
1207,2011-12-28T12:30:00,113,1524,127,298,389,10,64,0,144,33567,451
1208,2011-12-28T13:30:00,113,1524,127,298,388,10,63,0,144,33207,455
1209,2011-12-28T14:30:00,113,1523,127,298,388,10,67,2,144,32991,457
1210,2011-12-28T15:30:00,113,1523,127,298,388,10,72,12,144,32648,461
1211,2011-12-28T16:30:00,113,1522,127,298,388,10,78,48,144,32324,464
1212,2011-12-28T17:30:00,113,1522,127,298,387,10,81,52,144,32666,460
1213,2011-12-28T18:30:00,113,1521,127,298,387,10,81,76,144,35550,432
1214,2011-12-28T19:30:00,113,1520,127,298,387,10,78,70,143,35965,428
1215,2011-12-28T20:30:00,113,1520,127,298,387,10,72,96,143,35514,432
1216,2011-12-28T21:30:00,113,1520,127,298,386,10,64,62,143,34829,439
1217,2011-12-28T22:30:00,113,1520,127,298,386,10,55,32,143,34198,445
1218,2011-12-28T23:30:00,113,1520,127,298,386,10,47,0,143,32396,463
1219,2011-12-29T00:30:00,113,1520,127,298,385,10,42,0,142,30539,485
1220,2011-12-29T01:30:00,113,1520,127,298,385,10,41,0,142,28754,509
1221,2011-12-29T02:30:00,113,1519,127,298,385,10,40,0,142,27925,522
1222,2011-12-29T03:30:00,112,1519,127,298,384,10,38,0,142,27618,527
1223,2011-12-29T04:30:00,112,1519,127,298,384,10,35,0,142,27582,527
1224,2011-12-29T05:30:00,112,1519,127,298,384,13,33,0,142,27582,527
1225,2011-12-29T06:30:00,112,1518,127,298,384,13,32,0,142,28808,509
1226,2011-12-29T07:30:00,112,1518,127,298,384,16,32,0,142,30557,485
1227,2011-12-29T08:30:00,112,1517,127,298,383,16,32,0,142,31819,470
1228,2011-12-29T09:30:00,112,1517,127,298,383,19,32,0,141,32504,462
1229,2011-12-29T10:30:00,112,1516,127,298,383,21,32,0,141,33153,455
1230,2011-12-29T11:30:00,112,1516,127,298,383,21,32,0,141,33640,450
1231,2011-12-29T12:30:00,112,1516,127,298,382,24,32,0,140,33549,451
1232,2011-12-29T13:30:00,112,1516,127,298,382,27,32,0,140,33333,453
1233,2011-12-29T14:30:00,112,1516,127,298,382,27,33,14,139,33099,456
1234,2011-12-29T15:30:00,112,1516,127,298,382,27,35,59,139,33099,456
1235,2011-12-29T16:30:00,112,1516,127,298,382,27,39,105,139,32991,457
1236,2011-12-29T17:30:00,112,1516,127,298,381,27,42,144,139,33892,448
1237,2011-12-29T18:30:00,112,1515,127,298,381,27,46,140,139,35532,432
1238,2011-12-29T19:30:00,112,1515,127,298,381,30,48,118,138,35532,432
1239,2011-12-29T20:30:00,112,1514,127,298,381,32,48,78,138,34415,442
1240,2011-12-29T21:30:00,112,1514,127,298,380,32,47,38,136,33441,452
1241,2011-12-29T22:30:00,112,1514,127,298,380,32,46,15,135,32828,459
1242,2011-12-29T23:30:00,112,1513,127,298,380,32,47,0,135,30935,480
1243,2011-12-30T00:30:00,112,1513,127,298,380,30,48,0,135,29078,505
1244,2011-12-30T01:30:00,112,1512,127,298,380,30,49,0,136,27312,532
1245,2011-12-30T02:30:00,112,1512,127,298,380,30,49,0,136,26194,551
1246,2011-12-30T03:30:00,112,1511,127,298,379,30,49,0,137,25797,558
1247,2011-12-30T04:30:00,112,1511,127,298,379,30,49,0,137,25545,562
1248,2011-12-30T05:30:00,112,1510,127,298,379,27,49,0,137,25779,558
1249,2011-12-30T06:30:00,112,1510,127,298,379,27,49,0,137,26897,538
1250,2011-12-30T07:30:00,112,1509,127,298,379,27,48,0,137,28321,516
1251,2011-12-30T08:30:00,112,1508,127,298,379,27,46,0,137,29727,496
1252,2011-12-30T09:30:00,112,1508,127,298,379,27,42,0,137,30232,489
1253,2011-12-30T10:30:00,112,1507,127,298,379,27,39,0,136,30935,480
1254,2011-12-30T11:30:00,112,1506,127,298,379,30,35,0,135,31170,478
1255,2011-12-30T12:30:00,112,1506,127,298,379,32,33,0,135,31188,477
1256,2011-12-30T13:30:00,112,1505,127,298,379,38,33,0,134,30971,480
1257,2011-12-30T14:30:00,112,1505,127,298,379,41,35,12,134,30485,486
1258,2011-12-30T15:30:00,112,1504,127,298,379,43,38,41,134,29962,493
1259,2011-12-30T16:30:00,112,1504,127,298,379,46,39,54,134,29403,500
1260,2011-12-30T17:30:00,112,1503,127,298,379,46,38,65,134,30016,492
1261,2011-12-30T18:30:00,112,1503,127,298,379,43,35,66,134,32305,464
1262,2011-12-30T19:30:00,112,1502,127,298,380,41,33,91,134,32486,462
1263,2011-12-30T20:30:00,112,1502,127,298,380,41,32,91,134,31620,472
1264,2011-12-30T21:30:00,112,1501,127,299,380,38,33,61,134,30863,481
1265,2011-12-30T22:30:00,112,1500,127,299,380,38,35,23,134,30124,491
1266,2011-12-30T23:30:00,112,1499,127,299,380,41,39,0,134,28682,510
1267,2011-12-31T00:30:00,112,1499,127,299,380,43,42,0,134,27095,535
1268,2011-12-31T01:30:00,112,1498,127,299,381,43,45,0,134,25653,560
1269,2011-12-31T02:30:00,112,1498,127,299,381,41,45,0,134,24644,580
1270,2011-12-31T03:30:00,112,1497,127,299,381,38,42,0,134,24229,589
1271,2011-12-31T04:30:00,112,1497,127,299,382,32,39,0,134,23796,598
1272,2011-12-31T05:30:00,112,1497,127,299,382,32,35,0,134,23796,598
1273,2011-12-31T06:30:00,112,1496,127,299,382,30,32,0,134,24193,590
1274,2011-12-31T07:30:00,112,1496,128,299,382,32,30,0,135,24806,577
1275,2011-12-31T08:30:00,112,1495,128,299,383,35,30,0,135,25509,563
1276,2011-12-31T09:30:00,112,1495,128,299,383,38,30,0,135,25942,555
1277,2011-12-31T10:30:00,112,1494,128,299,383,38,30,0,133,27492,529
1278,2011-12-31T11:30:00,112,1493,128,299,384,38,30,0,133,28664,511
1279,2011-12-31T12:30:00,112,1493,128,299,384,35,27,0,133,29078,505
1280,2011-12-31T13:30:00,112,1493,128,299,384,35,27,0,132,29421,500
1281,2011-12-31T14:30:00,113,1492,128,300,385,32,30,1,132,29493,499
1282,2011-12-31T15:30:00,113,1492,128,300,385,32,39,9,132,29295,502
1283,2011-12-31T16:30:00,113,1491,128,300,385,32,47,12,132,29367,501
1284,2011-12-31T17:30:00,113,1491,128,300,385,32,53,15,132,30196,490
1285,2011-12-31T18:30:00,113,1491,128,300,386,32,55,12,132,31837,470
1286,2011-12-31T19:30:00,113,1490,128,300,386,30,53,15,132,31819,470
1287,2011-12-31T20:30:00,113,1490,128,300,386,30,48,41,132,31314,476
1288,2011-12-31T21:30:00,113,1489,128,300,386,30,41,35,132,30286,489
1289,2011-12-31T22:30:00,113,1489,128,300,386,27,35,29,132,29637,497
1290,2011-12-31T23:30:00,113,1489,128,300,386,27,30,0,132,28285,516
1291,2012-01-01T00:30:00,113,1488,129,300,387,27,26,0,132,27366,531
1292,2012-01-01T01:30:00,113,1488,129,301,387,24,22,0,131,26212,550
1293,2012-01-01T02:30:00,113,1487,129,301,387,24,19,0,132,25365,566
1294,2012-01-01T03:30:00,113,1487,129,301,387,24,18,0,132,24517,583
1295,2012-01-01T04:30:00,113,1486,129,301,387,24,19,0,132,24103,592
1296,2012-01-01T05:30:00,113,1485,129,301,387,24,21,0,132,23778,599
1297,2012-01-01T06:30:00,113,1485,129,301,387,27,23,0,132,23941,595
1298,2012-01-01T07:30:00,113,1484,129,301,387,27,24,0,132,24265,588
1299,2012-01-01T08:30:00,113,1484,129,301,387,27,25,0,133,25058,572
1300,2012-01-01T09:30:00,113,1484,129,301,387,27,27,0,132,25275,568
1300,2012-01-01T09:30:00,113,1484,129,301,387,27,27,0,132,25275,568
1301,2012-01-01T10:30:00,113,1483,129,300,387,27,30,0,132,26320,548
1302,2012-01-01T11:30:00,113,1482,129,300,387,27,34,0,132,27005,537
1303,2012-01-01T12:30:00,113,1482,129,300,387,27,39,0,132,27636,526
1304,2012-01-01T13:30:00,113,1482,129,300,387,32,42,0,132,27979,521
1305,2012-01-01T14:30:00,113,1482,129,300,387,41,47,14,131,28195,518
1306,2012-01-01T15:30:00,113,1482,129,300,387,52,51,21,131,27636,526
1307,2012-01-01T16:30:00,113,1482,129,300,387,57,57,29,131,27582,527
1308,2012-01-01T17:30:00,113,1482,129,300,387,52,62,38,132,28466,514
1309,2012-01-01T18:30:00,113,1483,129,300,387,41,68,59,131,30106,491
1310,2012-01-01T19:30:00,113,1484,129,300,386,35,74,56,131,30304,488
1311,2012-01-01T20:30:00,113,1484,129,300,386,35,82,63,131,30340,488
1312,2012-01-01T21:30:00,113,1485,129,300,386,32,89,35,130,30395,487
1313,2012-01-01T22:30:00,113,1486,129,300,386,24,93,30,131,30016,492
1314,2012-01-01T23:30:00,113,1487,129,299,386,21,94,0,131,29259,502
1315,2012-01-02T00:30:00,113,1488,129,299,386,16,92,0,131,27690,525
1316,2012-01-02T01:30:00,113,1489,129,299,386,16,88,0,131,26573,544
1317,2012-01-02T02:30:00,113,1490,129,299,386,13,85,0,131,25653,560
1318,2012-01-02T03:30:00,113,1491,129,299,386,13,85,0,131,25383,566
1319,2012-01-02T04:30:00,113,1492,129,298,386,10,88,0,131,25329,567
1320,2012-01-02T05:30:00,113,1493,129,298,386,10,91,0,131,26338,548
1321,2012-01-02T06:30:00,113,1494,129,298,386,10,92,0,131,26951,537
1322,2012-01-02T07:30:00,113,1494,129,298,386,13,89,0,131,27817,523
1323,2012-01-02T08:30:00,113,1495,129,297,386,13,85,0,131,28898,507
1324,2012-01-02T09:30:00,113,1496,129,297,386,13,82,0,131,29619,497
1325,2012-01-02T10:30:00,113,1497,129,297,386,13,82,0,130,30773,482
1326,2012-01-02T11:30:00,113,1498,129,297,386,13,81,0,130,31404,475
1327,2012-01-02T12:30:00,113,1499,129,297,386,13,79,0,130,31404,475
1328,2012-01-02T13:30:00,113,1500,129,296,386,16,76,0,130,32197,466
1329,2012-01-02T14:30:00,113,1501,129,296,386,16,75,13,131,32215,465
1330,2012-01-02T15:30:00,113,1501,129,296,386,13,76,49,130,32089,467
1331,2012-01-02T16:30:00,113,1502,129,296,387,13,80,82,130,31494,474
1332,2012-01-02T17:30:00,113,1503,129,295,387,13,83,95,131,32792,459
1333,2012-01-02T18:30:00,113,1504,129,295,387,13,86,91,131,34757,439
1334,2012-01-02T19:30:00,113,1504,129,295,387,13,85,60,131,35370,434
1335,2012-01-02T20:30:00,113,1505,129,295,387,13,81,61,131,35406,433
1336,2012-01-02T21:30:00,113,1505,129,295,387,13,74,29,131,34469,442
1337,2012-01-02T22:30:00,113,1506,129,294,387,13,69,27,131,33369,453
1338,2012-01-02T23:30:00,113,1506,129,294,387,13,66,0,131,31638,472
1339,2012-01-03T00:30:00,113,1506,129,294,387,13,65,0,131,29259,502
1340,2012-01-03T01:30:00,113,1506,129,294,387,13,65,0,130,28520,513
1341,2012-01-03T02:30:00,113,1506,129,294,387,13,64,0,130,27600,527
1342,2012-01-03T03:30:00,114,1506,129,293,387,13,63,0,130,27366,531
1343,2012-01-03T04:30:00,114,1505,129,293,387,10,62,0,130,27744,525
1344,2012-01-03T05:30:00,114,1504,129,293,387,10,64,0,131,28015,520
1345,2012-01-03T06:30:00,114,1503,129,293,387,10,67,0,131,29800,495
1346,2012-01-03T07:30:00,114,1502,128,293,387,10,71,0,131,32342,464
1347,2012-01-03T08:30:00,114,1502,128,293,387,10,72,0,131,34289,444
1348,2012-01-03T09:30:00,114,1501,128,293,387,10,73,0,131,34559,441
1349,2012-01-03T10:30:00,114,1500,128,293,387,10,74,0,131,34685,440
1350,2012-01-03T11:30:00,114,1499,128,293,387,8,76,0,130,35749,430
1351,2012-01-03T12:30:00,114,1498,128,293,387,8,79,0,130,35803,430
1352,2012-01-03T13:30:00,114,1497,128,293,386,8,82,0,130,35569,432
1353,2012-01-03T14:30:00,114,1497,128,293,386,8,84,40,130,35478,433
1354,2012-01-03T15:30:00,114,1496,128,293,386,8,87,90,130,35749,430
1355,2012-01-03T16:30:00,114,1495,128,293,386,8,90,147,131,35821,429
1356,2012-01-03T17:30:00,114,1494,128,293,386,8,92,161,131,36722,422
1357,2012-01-03T18:30:00,114,1493,128,293,386,8,95,144,130,38850,405
1358,2012-01-03T19:30:00,114,1492,128,293,386,8,96,93,129,39769,398
1359,2012-01-03T20:30:00,114,1491,128,293,385,5,95,59,129,39228,402
1360,2012-01-03T21:30:00,114,1489,128,293,385,5,92,25,128,38850,405
1361,2012-01-03T22:30:00,114,1488,128,293,385,8,87,19,128,37624,414
1362,2012-01-03T23:30:00,114,1487,128,293,385,8,81,0,128,35532,432
1363,2012-01-04T00:30:00,114,1486,128,293,385,8,72,0,128,33712,449
1364,2012-01-04T01:30:00,114,1485,128,293,385,10,62,0,128,32324,464
1365,2012-01-04T02:30:00,114,1484,128,293,385,10,52,0,129,31260,476
1366,2012-01-04T03:30:00,114,1484,128,293,385,13,44,0,129,30917,481
1367,2012-01-04T04:30:00,114,1483,128,293,384,16,39,0,129,31062,479
1368,2012-01-04T05:30:00,114,1482,128,293,384,19,35,0,129,31062,479
1369,2012-01-04T06:30:00,114,1481,128,293,384,21,34,0,129,32882,458
1370,2012-01-04T07:30:00,114,1480,128,293,384,21,35,0,129,34757,439
1371,2012-01-04T08:30:00,114,1479,128,293,384,19,38,0,129,36650,422
1372,2012-01-04T09:30:00,114,1479,128,293,384,19,41,0,129,36975,420
1373,2012-01-04T10:30:00,114,1478,128,293,384,19,43,0,130,37029,419
1374,2012-01-04T11:30:00,114,1478,128,293,384,19,46,0,130,37299,417
1375,2012-01-04T12:30:00,114,1478,128,293,383,19,48,0,130,37047,419
1376,2012-01-04T13:30:00,114,1478,128,293,383,21,50,0,130,36758,421
1377,2012-01-04T14:30:00,114,1478,128,293,383,24,52,19,130,36236,426
1378,2012-01-04T15:30:00,114,1478,128,293,383,24,57,58,129,35911,429
1379,2012-01-04T16:30:00,114,1477,128,293,383,27,61,110,129,35695,431
1380,2012-01-04T17:30:00,114,1477,128,293,382,30,64,145,128,35821,429
1381,2012-01-04T18:30:00,114,1477,128,293,382,30,64,161,126,37642,414
1382,2012-01-04T19:30:00,114,1477,128,293,382,30,62,157,125,38219,410
1383,2012-01-04T20:30:00,114,1477,128,293,382,30,59,122,124,37984,412
1384,2012-01-04T21:30:00,114,1477,128,293,382,27,55,65,124,36849,421
1385,2012-01-04T22:30:00,114,1478,128,293,382,24,51,19,124,35623,431
1386,2012-01-04T23:30:00,114,1478,128,293,381,24,49,0,124,33009,457
1387,2012-01-05T00:30:00,114,1478,128,293,381,24,47,0,124,30395,487
1388,2012-01-05T01:30:00,114,1478,128,293,381,27,46,0,127,29097,505
1389,2012-01-05T02:30:00,114,1478,128,293,381,27,47,0,127,28177,518
1390,2012-01-05T03:30:00,114,1478,128,292,380,24,47,0,127,27672,526
1391,2012-01-05T04:30:00,114,1479,128,292,380,24,46,0,127,27618,527
1392,2012-01-05T05:30:00,114,1479,128,292,380,21,42,0,127,27943,522
1393,2012-01-05T06:30:00,114,1480,128,292,379,21,39,0,127,29367,501
1394,2012-01-05T07:30:00,114,1480,128,292,379,19,35,0,128,31656,472
1395,2012-01-05T08:30:00,114,1481,128,292,379,19,33,0,129,33603,451
1396,2012-01-05T09:30:00,114,1481,128,292,378,16,33,0,129,34216,444
1397,2012-01-05T10:30:00,114,1482,128,292,378,19,34,0,129,34271,444
1398,2012-01-05T11:30:00,114,1482,128,292,378,19,35,0,130,34397,443
1399,2012-01-05T12:30:00,114,1482,128,292,377,19,34,0,130,34469,442
1400,2012-01-05T13:30:00,114,1483,127,292,377,21,34,0,130,34036,446
